instance name;fleet name;opt?;UB;LB tree;LB root;LB root+cuts;time [s];time root [s];time root+cuts [s];time limit [s];BB nodes;routes
Cdp101.20;1vehc1pcs60perc;true;4807.72;4807.72;4807.72;4807.72;0.0082988;0.00810363;0.00810363;3600;1;1: (0 7 11 12 4 2 0 ) ,2: (0 25 30 28 22 0 ) ,3: (0 55 31 50 0 ) ,4: (0 65 63 62 66 69 0 ) ,5: (0 78 77 80 0 ) ,
Cdp102.20;1vehc1pcs60perc;true;6021.14;6021.14;6021.14;6021.14;0.016262;0.0160685;0.0160685;3600;1;1: (0 11 2 88 85 0 ) ,2: (0 24 25 19 16 0 ) ,3: (0 42 48 35 38 0 ) ,4: (0 57 59 53 58 61 69 0 ) ,5: (0 76 79 0 ) ,
Cdp103.20;1vehc1pcs60perc;true;5363.57;5363.57;5363.57;5363.57;0.0395688;0.0392898;0.0392898;3600;1;1: (0 7 2 16 0 ) ,2: (0 46 35 37 30 24 21 0 ) ,3: (0 65 41 53 64 66 0 ) ,4: (0 90 82 71 70 79 80 0 ) ,
Cdp104.20;1vehc1pcs60perc;true;5288.78;5288.78;5280.5;5288.78;0.707194;0.26241;0.707035;3600;1;1: (0 7 16 93 94 89 90 0 ) ,2: (0 40 45 46 47 32 35 39 34 26 0 ) ,3: (0 87 85 78 80 61 0 ) ,
Cdp105.20;1vehc1pcs60perc;true;5721.62;5721.62;5721.62;5721.62;0.0222063;0.0219029;0.0219029;3600;1;1: (0 17 16 14 12 4 2 0 ) ,2: (0 25 37 38 45 48 52 0 ) ,3: (0 43 54 68 66 0 ) ,4: (0 74 70 77 0 ) ,5: (0 85 0 ) ,
Cdp106.20;1vehc1pcs60perc;true;5756.29;5756.29;5749.37;5756.29;0.0228399;0.0191339;0.0227645;3600;1;1: (0 7 92 93 99 2 1 0 ) ,2: (0 13 19 11 9 0 ) ,3: (0 37 38 26 0 ) ,4: (0 67 54 61 64 0 ) ,5: (0 90 73 79 0 ) ,
Cdp107.20;1vehc1pcs60perc;true;5543.78;5543.78;5543.78;5543.78;0.0179059;0.0176458;0.0176458;3600;1;1: (0 20 35 36 34 0 ) ,2: (0 42 41 45 28 0 ) ,3: (0 65 74 72 68 0 ) ,4: (0 83 73 77 79 0 ) ,5: (0 98 95 93 16 0 ) ,
Cdp108.20;1vehc1pcs60perc;true;4548.63;4548.63;4548.63;4548.63;0.0170802;0.0168059;0.0168059;3600;1;1: (0 3 98 86 85 91 4 0 ) ,2: (0 35 38 39 36 26 23 0 ) ,3: (0 42 41 57 58 45 0 ) ,4: (0 74 72 66 0 ) ,
Cdp109.20;1vehc1pcs60perc;true;5819.04;5819.04;5818.16;5819.04;0.0337488;0.0245436;0.0336506;3600;1;1: (0 13 19 29 26 22 0 ) ,2: (0 40 44 31 34 50 47 0 ) ,3: (0 63 70 53 66 0 ) ,4: (0 87 86 96 99 91 0 ) ,
Cdp201.20;1vehc1pcs60perc;true;3791.36;3791.36;3791.36;3791.36;0.015448;0.0152553;0.0152553;3600;1;1: (0 2 100 3 84 77 0 ) ,2: (0 24 31 37 36 26 12 0 ) ,3: (0 63 74 72 61 55 57 40 44 51 0 ) ,
Cdp202.20;1vehc1pcs60perc;true;4384.9;4384.9;4384.9;4384.9;0.0390928;0.0388435;0.0388435;3600;1;1: (0 27 37 36 26 18 16 5 0 ) ,2: (0 63 64 68 55 54 58 0 ) ,3: (0 75 99 95 84 82 80 72 0 ) ,
Cdp203.20;1vehc1pcs60perc;true;4391.66;4391.66;4391.66;4391.66;0.0599532;0.0596277;0.0596277;3600;1;1: (0 20 31 52 50 42 41 0 ) ,2: (0 25 26 19 14 98 0 ) ,3: (0 67 74 49 56 58 70 80 79 96 0 ) ,
Cdp204.20;1vehc1pcs60perc;true;4111.35;4111.35;4111.35;4111.35;0.0720588;0.0717417;0.0717417;3600;1;1: (0 67 62 72 55 54 53 59 40 42 33 36 18 25 22 0 ) ,2: (0 89 95 92 84 76 80 0 ) ,
Cdp205.20;1vehc1pcs60perc;true;4344.43;4344.43;4344.43;4344.43;0.0154579;0.0151553;0.0151553;3600;1;1: (0 32 34 23 9 11 10 0 ) ,2: (0 72 68 57 60 45 0 ) ,3: (0 95 4 89 82 70 78 77 96 90 0 ) ,
Cdp206.20;1vehc1pcs60perc;true;4350.09;4350.09;4350.09;4350.09;0.0240583;0.0238632;0.0238632;3600;1;1: (0 2 92 71 80 87 0 ) ,2: (0 20 22 29 34 26 15 13 25 0 ) ,3: (0 62 74 72 61 53 54 46 0 ) ,
Cdp207.20;1vehc1pcs60perc;true;3280.69;3280.69;3280.69;3280.69;0.0219917;0.021714;0.021714;3600;1;1: (0 22 31 33 37 36 18 13 8 0 ) ,2: (0 62 66 61 64 68 48 0 ) ,3: (0 89 91 88 82 81 87 0 ) ,
Cdp208.20;1vehc1pcs60perc;true;4184.56;4184.56;4184.56;4184.56;0.0181689;0.0179017;0.0179017;3600;1;1: (0 5 1 98 95 92 91 81 80 0 ) ,2: (0 22 30 36 25 13 8 0 ) ,3: (0 67 64 65 56 60 46 0 ) ,
RCdp101.20;1vehc1pcs60perc;true;6807.72;6807.72;6567.33;6807.72;0.0124348;0.00967215;0.0123377;3600;1;1: (0 5 2 88 0 ) ,2: (0 12 13 0 ) ,3: (0 19 48 25 0 ) ,4: (0 31 30 0 ) ,5: (0 61 81 68 0 ) ,6: (0 67 56 66 0 ) ,7: (0 99 87 97 24 0 ) ,
RCdp102.20;1vehc1pcs60perc;true;6290.28;6290.28;6290.28;6290.28;0.0175803;0.0172021;0.0172021;3600;1;1: (0 1 3 8 60 98 0 ) ,2: (0 21 23 75 25 82 0 ) ,3: (0 36 40 100 0 ) ,4: (0 64 56 66 0 ) ,5: (0 92 50 28 93 0 ) ,
RCdp103.20;1vehc1pcs60perc;true;6766.57;6766.57;6699.67;6766.57;0.0242249;0.0164656;0.02415;3600;1;1: (0 34 26 30 71 93 96 0 ) ,2: (0 45 4 0 ) ,3: (0 65 23 76 18 77 0 ) ,4: (0 69 78 9 0 ) ,5: (0 72 42 68 0 ) ,6: (0 88 0 ) ,
RCdp104.20;1vehc1pcs60perc;true;5410.495;5410.495;5352.93;5410.5;0.0697523;0.0359906;0.0696818;3600;1;1: (0 15 9 87 97 13 86 0 ) ,2: (0 37 0 ) ,3: (0 69 88 4 100 68 0 ) ,4: (0 80 92 67 29 33 63 85 51 0 ) ,
RCdp105.20;1vehc1pcs60perc;true;5710.29;5710.29;5710.29;5710.29;0.0204124;0.0203623;0.0203623;3600;1;1: (0 6 7 0 ) ,2: (0 34 31 28 56 0 ) ,3: (0 51 49 20 66 0 ) ,4: (0 82 52 59 14 17 0 ) ,5: (0 96 71 72 35 37 0 ) ,
RCdp106.20;1vehc1pcs60perc;true;6383.77;6383.77;6323.08;6383.77;0.0178785;0.0135813;0.0177916;3600;1;1: (0 15 16 79 60 0 ) ,2: (0 42 38 40 43 68 0 ) ,3: (0 62 91 0 ) ,4: (0 75 97 17 10 0 ) ,5: (0 76 18 21 57 0 ) ,6: (0 90 0 ) ,
RCdp107.20;1vehc1pcs60perc;true;6072.69;6072.69;5980.67;6072.69;0.0832095;0.0326624;0.0831522;3600;1;1: (0 8 7 0 ) ,2: (0 72 38 35 40 43 41 0 ) ,3: (0 82 86 59 58 22 0 ) ,4: (0 94 84 32 0 ) ,5: (0 98 16 14 53 0 ) ,
RCdp108.20;1vehc1pcs60perc;true;4878.01;4878.01;4871.63;4878.01;0.162227;0.0574658;0.162077;3600;1;1: (0 2 1 4 6 60 53 0 ) ,2: (0 64 19 25 18 63 62 0 ) ,3: (0 69 15 74 52 66 0 ) ,4: (0 96 72 54 0 ) ,
RCdp201.20;1vehc1pcs60perc;true;5246.91;5246.91;5246.91;5246.91;0.0172305;0.016904;0.016904;3600;1;1: (0 14 16 9 87 13 0 ) ,2: (0 42 37 70 0 ) ,3: (0 63 85 81 0 ) ,4: (0 83 64 21 23 77 0 ) ,5: (0 98 2 7 55 0 ) ,
RCdp202.20;1vehc1pcs60perc;true;4888.29;4888.29;4888.29;4888.29;0.0641957;0.063865;0.063865;3600;1;1: (0 65 47 73 16 17 98 0 ) ,2: (0 72 36 41 100 0 ) ,3: (0 95 27 26 85 64 99 86 57 21 49 0 ) ,
RCdp203.20;1vehc1pcs60perc;true;4813.89;4813.89;4813.89;4813.89;0.0394672;0.0391499;0.0391499;3600;1;1: (0 40 3 6 4 70 0 ) ,2: (0 82 11 88 55 68 0 ) ,3: (0 91 94 34 27 26 84 49 58 75 86 0 ) ,
RCdp204.20;1vehc1pcs60perc;true;4311.24;4311.24;4244.07;4311.24;0.560245;0.113169;0.560093;3600;1;1: (0 47 17 11 87 74 58 25 21 20 57 90 0 ) ,2: (0 89 62 54 38 35 3 45 46 2 0 ) ,
RCdp205.20;1vehc1pcs60perc;true;4984.56;4984.56;4984.56;4984.56;0.0384855;0.0382817;0.0382817;3600;1;1: (0 36 37 54 94 91 0 ) ,2: (0 69 12 47 46 2 0 ) ,3: (0 92 28 23 21 48 57 52 59 75 58 0 ) ,
RCdp206.20;1vehc1pcs60perc;true;4431.6;4431.6;4431.6;4431.6;0.0321281;0.0318569;0.0318569;3600;1;1: (0 14 78 16 19 49 20 90 0 ) ,2: (0 88 7 45 70 68 0 ) ,3: (0 92 31 29 38 39 43 54 94 0 ) ,
RCdp207.20;1vehc1pcs60perc;true;4672.28;4672.28;4620.52;4672.28;0.0493458;0.0325137;0.0492638;3600;1;1: (0 61 39 40 43 70 0 ) ,2: (0 71 28 30 32 93 80 0 ) ,3: (0 78 11 57 85 18 48 20 24 58 0 ) ,
RCdp208.20;1vehc1pcs60perc;true;3668.51;3668.51;3668.51;3668.51;0.142307;0.142017;0.142017;3600;1;1: (0 70 5 43 41 81 96 93 95 80 0 ) ,2: (0 98 47 17 15 13 97 86 57 25 20 51 0 ) ,
Rdp101.20;1vehc1pcs60perc;true;5476.9;5476.9;5476.9;5476.9;0.00885125;0.0085762;0.0085762;3600;1;1: (0 5 8 48 0 ) ,2: (0 29 55 25 0 ) ,3: (0 30 0 ) ,4: (0 40 74 0 ) ,5: (0 65 71 80 0 ) ,6: (0 92 98 99 84 17 0 ) ,7: (0 95 97 60 0 ) ,
Rdp102.20;1vehc1pcs60perc;true;5621.63;5621.63;5621.63;5621.63;0.0110983;0.0107971;0.0107971;3600;1;1: (0 2 42 38 100 0 ) ,2: (0 6 96 97 13 0 ) ,3: (0 12 54 26 0 ) ,4: (0 19 0 ) ,5: (0 23 41 56 0 ) ,6: (0 79 55 24 0 ) ,7: (0 81 35 0 ) ,
Rdp103.20;1vehc1pcs60perc;true;5144.62;5144.62;5144.62;5144.62;0.017627;0.0173138;0.0173138;3600;1;1: (0 9 71 66 0 ) ,2: (0 27 79 3 0 ) ,3: (0 41 4 54 26 0 ) ,4: (0 53 0 ) ,5: (0 62 63 49 46 48 0 ) ,6: (0 97 43 44 98 0 ) ,
Rdp104.20;1vehc1pcs60perc;true;5019.94;5019.94;4955.59;5019.94;0.185602;0.0323194;0.185465;3600;1;1: (0 51 20 65 9 29 77 0 ) ,2: (0 73 55 25 12 0 ) ,3: (0 88 62 32 70 0 ) ,4: (0 94 59 44 5 45 36 0 ) ,
Rdp105.20;1vehc1pcs60perc;true;4866.58;4866.58;4799.39;4866.58;0.013169;0.00959649;0.0130968;3600;1;1: (0 23 41 0 ) ,2: (0 36 11 66 1 0 ) ,3: (0 59 61 85 37 96 0 ) ,4: (0 62 88 30 50 0 ) ,5: (0 81 79 3 68 77 0 ) ,
Rdp106.20;1vehc1pcs60perc;true;4020.25;4020.25;4020.25;4020.25;0.0155214;0.0153302;0.0153302;3600;1;1: (0 18 0 ) ,2: (0 21 72 23 55 26 0 ) ,3: (0 31 30 90 10 70 0 ) ,4: (0 37 44 85 93 96 0 ) ,5: (0 40 0 ) ,6: (0 50 81 77 0 ) ,
Rdp107.20;1vehc1pcs60perc;true;4798.83;4798.83;4716.7;4798.83;0.0751134;0.0303501;0.075046;3600;1;1: (0 18 45 46 6 59 91 97 0 ) ,2: (0 30 0 ) ,3: (0 40 0 ) ,4: (0 41 22 56 55 4 54 26 0 ) ,5: (0 71 65 32 90 0 ) ,
Rdp108.20;1vehc1pcs60perc;true;4564.56;4564.56;4550.34;4564.56;0.128275;0.0755046;0.128122;3600;1;1: (0 22 23 43 100 37 0 ) ,2: (0 31 49 36 18 0 ) ,3: (0 68 3 34 35 66 51 0 ) ,4: (0 99 85 61 84 6 0 ) ,
Rdp109.20;1vehc1pcs60perc;true;4918.76;4918.76;4913.02;4918.76;0.0230963;0.0173234;0.0230151;3600;1;1: (0 27 76 33 29 34 0 ) ,2: (0 40 21 22 25 0 ) ,3: (0 45 64 90 60 0 ) ,4: (0 95 99 85 87 43 97 13 0 ) ,
Rdp110.20;1vehc1pcs60perc;true;4454.25;4454.25;4454.25;4454.25;0.0230965;0.0227789;0.0227789;3600;1;1: (0 31 7 49 64 11 1 0 ) ,2: (0 76 68 81 34 35 66 0 ) ,3: (0 94 26 0 ) ,4: (0 100 44 86 61 60 96 0 ) ,
Rdp111.20;1vehc1pcs60perc;true;4250.19;4250.19;4238.13;4250.19;0.0675365;0.0449773;0.0674299;3600;1;1: (0 31 48 82 60 16 17 93 13 0 ) ,2: (0 50 78 3 28 0 ) ,3: (0 72 67 56 41 0 ) ,4: (0 94 15 57 40 0 ) ,
Rdp112.20;1vehc1pcs60perc;true;3784.18;3784.18;3684.16;3784.18;0.751177;0.14623;0.751024;3600;1;1: (0 7 45 17 38 91 0 ) ,2: (0 26 56 74 41 58 0 ) ,3: (0 50 3 33 20 1 0 ) ,4: (0 93 85 100 92 94 0 ) ,
Rdp201.20;1vehc1pcs60perc;true;4040.79;4040.79;4040.79;4040.79;0.0155718;0.0153724;0.0153724;3600;1;1: (0 27 69 30 51 81 3 80 0 ) ,2: (0 67 26 0 ) ,3: (0 83 47 48 17 91 0 ) ,4: (0 92 15 14 38 85 6 0 ) ,
Rdp202.20;1vehc1pcs60perc;true;3992.06;3992.06;3992.06;3992.06;0.0231245;0.0228961;0.0228961;3600;1;1: (0 29 76 9 35 80 0 ) ,2: (0 42 2 67 22 55 25 21 58 0 ) ,3: (0 88 48 8 18 83 93 95 0 ) ,
Rdp203.20;1vehc1pcs60perc;true;4028.36;4028.36;3927.81;4028.36;0.175996;0.0408161;0.175889;3600;1;1: (0 33 24 54 23 21 0 ) ,2: (0 59 92 57 42 38 100 5 0 ) ,3: (0 88 19 64 63 20 9 70 77 0 ) ,
Rdp204.20;1vehc1pcs60perc;true;3171.14;3171.14;3171.14;3171.14;0.156061;0.155843;0.155843;3600;1;1: (0 44 93 99 41 39 4 21 40 58 0 ) ,2: (0 52 31 88 7 11 64 63 66 30 77 26 0 ) ,
Rdp205.20;1vehc1pcs60perc;true;3863.79;3863.79;3859.89;3863.79;0.0389963;0.0284339;0.0388948;3600;1;1: (0 27 64 32 10 70 0 ) ,2: (0 28 76 50 81 35 68 80 0 ) ,3: (0 45 46 84 97 6 0 ) ,4: (0 72 23 40 0 ) ,
Rdp206.20;1vehc1pcs60perc;true;3367.83;3367.83;3367.83;3367.83;0.0342485;0.0339599;0.0339599;3600;1;1: (0 52 83 45 36 90 70 0 ) ,2: (0 79 78 68 24 54 55 4 26 0 ) ,3: (0 92 16 14 15 87 58 0 ) ,
Rdp207.20;1vehc1pcs60perc;true;4218.46;4218.46;4213.19;4218.46;0.211797;0.146006;0.211596;3600;1;1: (0 12 29 65 79 66 20 0 ) ,2: (0 26 39 67 74 21 0 ) ,3: (0 89 19 49 48 8 83 86 91 13 0 ) ,
Rdp208.20;1vehc1pcs60perc;true;3056.11;3056.11;3038.97;3056.11;2.76327;0.756415;2.76311;3600;1;1: (0 40 26 4 34 35 71 65 66 70 31 47 82 0 ) ,2: (0 89 5 59 37 15 57 87 13 0 ) ,
Rdp209.20;1vehc1pcs60perc;true;3700.56;3700.56;3700.56;3700.56;0.031515;0.0312436;0.0312436;3600;1;1: (0 7 82 83 85 98 94 58 56 39 0 ) ,2: (0 69 30 71 81 78 34 32 10 36 17 60 0 ) ,
Rdp210.20;1vehc1pcs60perc;true;3435.76;3435.76;3418.2;3435.76;0.0803142;0.0566986;0.0801215;3600;1;1: (0 11 48 82 18 60 0 ) ,2: (0 33 79 24 22 41 56 72 73 0 ) ,3: (0 92 15 38 44 93 59 97 0 ) ,
Rdp211.20;1vehc1pcs60perc;true;3177.45;3177.45;3177.45;3177.45;0.944397;0.944182;0.944182;3600;1;1: (0 2 41 15 38 44 85 93 98 95 0 ) ,2: (0 28 3 34 20 31 88 19 49 45 5 6 0 ) ,
Cdp101.40;1vehc1pcs60perc;true;8580.85;8580.85;8580.85;8580.85;0.0344961;0.0342893;0.0342893;3600;1;1: (0 7 8 10 11 0 ) ,2: (0 13 14 12 4 0 ) ,3: (0 20 25 29 30 28 23 22 0 ) ,4: (0 33 31 36 0 ) ,5: (0 55 54 44 51 50 52 0 ) ,6: (0 65 63 62 74 64 66 69 0 ) ,7: (0 78 71 77 80 0 ) ,8: (0 84 0 ) ,9: (0 94 92 93 2 0 ) ,
Cdp102.40;1vehc1pcs60perc;true;8115.24;8115.24;8115.24;8115.24;0.0753105;0.0750926;0.0750926;3600;1;1: (0 2 98 97 88 89 0 ) ,2: (0 13 19 16 23 0 ) ,3: (0 20 24 25 26 10 11 9 3 0 ) ,4: (0 32 33 35 38 37 36 0 ) ,5: (0 43 42 48 50 49 0 ) ,6: (0 57 59 53 58 61 69 0 ) ,7: (0 85 83 76 73 77 79 0 ) ,
Cdp103.40;1vehc1pcs60perc;true;8097.18;8097.18;8097.18;8097.18;0.109908;0.109582;0.109582;3600;1;1: (0 2 98 100 4 7 0 ) ,2: (0 13 14 16 19 30 21 0 ) ,3: (0 32 35 37 39 36 34 24 0 ) ,4: (0 42 41 40 44 46 47 0 ) ,5: (0 67 65 62 74 90 88 0 ) ,6: (0 72 53 64 66 0 ) ,7: (0 82 76 71 70 79 80 0 ) ,
Cdp104.40;1vehc1pcs60perc;true;7317.97;7317.97;7233.5;7313.92;16.6461;1.74598;11.9214;3600;3;1: (0 7 6 4 3 0 ) ,2: (0 12 16 18 17 26 23 0 ) ,3: (0 34 39 38 35 32 52 49 47 0 ) ,4: (0 67 74 61 68 40 45 46 43 0 ) ,5: (0 80 73 71 78 89 90 0 ) ,6: (0 87 85 94 92 93 97 99 2 0 ) ,
Cdp105.40;1vehc1pcs60perc;true;8170.96;8170.96;8170.96;8170.96;0.0586514;0.0583484;0.0583484;3600;1;1: (0 5 11 4 2 1 75 0 ) ,2: (0 17 19 16 14 12 0 ) ,3: (0 25 31 37 38 39 26 0 ) ,4: (0 43 45 48 50 52 0 ) ,5: (0 57 55 54 53 70 77 0 ) ,6: (0 67 63 74 72 68 66 0 ) ,7: (0 98 95 83 82 85 88 0 ) ,
Cdp106.40;1vehc1pcs60perc;true;8338.32;8338.32;8305.72;8338.32;0.162018;0.0595131;0.161847;3600;1;1: (0 7 8 11 9 6 0 ) ,2: (0 13 19 14 0 ) ,3: (0 20 24 28 26 0 ) ,4: (0 32 37 38 36 34 0 ) ,5: (0 44 46 48 49 0 ) ,6: (0 57 54 60 59 0 ) ,7: (0 67 65 72 61 64 0 ) ,8: (0 90 70 73 79 0 ) ,9: (0 92 93 97 99 2 1 0 ) ,
Cdp107.40;1vehc1pcs60perc;true;7912.74;7912.74;7890.81;7912.74;0.0878411;0.0664487;0.0876726;3600;1;1: (0 5 8 11 28 22 21 0 ) ,2: (0 20 17 15 16 12 6 4 0 ) ,3: (0 24 32 35 37 36 34 0 ) ,4: (0 42 41 40 45 0 ) ,5: (0 65 74 72 68 66 69 0 ) ,6: (0 71 73 77 79 0 ) ,7: (0 86 83 82 84 0 ) ,8: (0 98 95 93 0 ) ,
Cdp108.40;1vehc1pcs60perc;true;7955.87;7955.87;7948.05;7950.55;0.213512;0.0887666;0.141439;3600;3;1: (0 3 7 8 10 15 6 4 0 ) ,2: (0 32 33 31 35 38 39 36 26 23 0 ) ,3: (0 41 40 42 45 48 0 ) ,4: (0 57 58 68 0 ) ,5: (0 63 62 74 72 66 0 ) ,6: (0 87 86 81 77 85 91 0 ) ,7: (0 98 93 99 1 75 0 ) ,
Cdp109.40;1vehc1pcs60perc;true;7882.84;7882.84;7882.84;7882.84;0.207581;0.207216;0.207216;3600;1;1: (0 7 98 96 92 97 100 99 2 0 ) ,2: (0 13 19 17 29 27 0 ) ,3: (0 31 32 34 26 22 0 ) ,4: (0 43 40 54 53 44 46 50 47 0 ) ,5: (0 67 63 66 69 0 ) ,6: (0 90 87 86 78 71 70 73 77 89 91 0 ) ,
Cdp201.40;1vehc1pcs60perc;true;5471.46;5471.46;5471.46;5471.46;0.0946808;0.0944583;0.0944583;3600;1;1: (0 5 2 100 3 89 91 84 86 76 73 80 81 77 0 ) ,2: (0 20 24 30 29 32 31 37 36 26 12 10 0 ) ,3: (0 63 62 74 72 61 65 49 55 60 57 40 44 51 47 43 41 0 ) ,
Cdp202.40;1vehc1pcs60perc;true;5627.58;5627.58;5627.58;5627.58;0.434221;0.434131;0.434131;3600;1;1: (0 20 27 34 35 37 39 36 26 18 19 16 14 5 0 ) ,2: (0 63 62 72 64 66 68 65 55 54 58 50 47 0 ) ,3: (0 93 75 1 99 100 95 89 84 82 85 73 80 81 87 90 0 ) ,
Cdp203.40;1vehc1pcs60perc;true;5565.14;5565.14;5565.14;5565.14;10.2181;10.2158;10.2158;3600;1;1: (0 5 98 95 7 90 86 85 70 80 79 96 0 ) ,2: (0 20 29 30 23 19 16 14 25 26 28 31 52 50 47 0 ) ,3: (0 67 74 72 61 64 66 49 54 56 58 60 59 46 42 41 0 ) ,
Cdp204.40;1vehc1pcs60perc;true;5519.81;5519.81;5519.81;5519.81;47.8568;47.8566;47.8566;3600;1;1: (0 2 97 92 95 89 84 82 76 71 73 80 72 61 0 ) ,2: (0 10 14 18 25 28 36 35 33 29 22 20 0 ) ,3: (0 67 62 69 49 55 54 53 59 57 40 41 42 45 47 43 48 0 ) ,
Cdp205.40;1vehc1pcs60perc;true;5690.25;5690.25;5690.25;5690.25;0.108092;0.107811;0.107811;3600;1;1: (0 5 75 95 4 89 91 83 82 85 70 78 77 96 90 0 ) ,2: (0 24 30 6 32 38 34 28 23 16 15 9 11 10 8 0 ) ,3: (0 62 72 69 68 56 60 57 45 51 52 47 43 0 ) ,
Cdp206.40;1vehc1pcs60perc;true;5688.09;5688.09;5688.09;5688.09;0.238982;0.238747;0.238747;3600;1;1: (0 2 92 94 7 3 4 83 85 71 73 80 81 87 0 ) ,2: (0 20 22 29 31 37 38 34 26 19 14 15 13 25 0 ) ,3: (0 67 62 74 72 61 66 68 55 54 53 40 44 46 52 0 ) ,
Cdp207.40;1vehc1pcs60perc;true;5274.71;5274.71;5274.71;5274.71;0.192809;0.192531;0.192531;3600;1;1: (0 1 99 7 3 4 89 91 88 86 83 82 85 70 79 81 96 87 0 ) ,2: (0 22 6 31 33 37 36 34 28 18 15 13 8 21 0 ) ,3: (0 62 66 61 64 68 57 58 60 41 48 0 ) ,
Cdp208.40;1vehc1pcs60perc;true;5511.68;5511.68;5511.68;5511.68;0.298744;0.298405;0.298405;3600;1;1: (0 5 1 100 92 95 98 91 85 76 70 73 80 81 78 77 87 0 ) ,2: (0 20 22 30 29 33 36 16 13 25 9 11 8 0 ) ,3: (0 67 63 66 61 64 65 54 56 60 46 41 47 0 ) ,
RCdp101.40;1vehc1pcs60perc;true;10840.2;10840.2;10779.1;10840.2;0.0479377;0.0363359;0.0477474;3600;1;1: (0 2 5 7 6 3 1 4 0 ) ,2: (0 12 73 79 0 ) ,3: (0 19 21 48 25 0 ) ,4: (0 39 38 41 37 68 0 ) ,5: (0 61 81 0 ) ,6: (0 62 67 51 56 66 0 ) ,7: (0 63 30 31 34 96 0 ) ,8: (0 65 59 87 97 13 0 ) ,9: (0 88 99 57 24 0 ) ,
RCdp102.40;1vehc1pcs60perc;true;10246.8;10246.8;10190.3;10246.8;0.27005;0.0890968;0.269906;3600;1;1: (0 21 23 25 24 0 ) ,2: (0 39 36 44 40 43 35 37 0 ) ,3: (0 64 76 56 66 0 ) ,4: (0 71 93 0 ) ,5: (0 79 8 46 3 1 2 100 0 ) ,6: (0 86 87 97 75 82 0 ) ,7: (0 92 50 33 28 31 0 ) ,8: (0 98 14 15 9 13 60 0 ) ,
RCdp103.40;1vehc1pcs60perc;true;9063.25;9063.25;8936.35;9063.25;1.17205;0.436869;1.17196;3600;1;1: (0 3 45 8 4 7 0 ) ,2: (0 18 23 76 49 66 0 ) ,3: (0 54 42 40 37 72 71 93 96 0 ) ,4: (0 62 50 30 26 31 34 85 80 0 ) ,5: (0 69 88 53 78 60 68 0 ) ,6: (0 90 65 83 86 9 87 58 77 0 ) ,
RCdp104.40;1vehc1pcs60perc;true;9261.34;9261.34;9197.9;9261.34;0.796464;0.399705;0.79281;3600;1;1: (0 18 48 23 87 97 75 86 0 ) ,2: (0 37 40 42 5 45 4 100 0 ) ,3: (0 69 53 88 55 68 0 ) ,4: (0 78 14 17 15 16 9 13 82 0 ) ,5: (0 80 92 67 29 27 30 32 33 0 ) ,6: (0 85 63 76 51 84 0 ) ,
RCdp105.40;1vehc1pcs60perc;true;9014.94;9014.94;9014.94;9014.94;0.12725;0.127044;0.127044;3600;1;1: (0 65 99 52 86 59 77 0 ) ,2: (0 68 0 ) ,3: (0 69 7 6 70 0 ) ,4: (0 71 31 29 28 34 93 96 0 ) ,5: (0 72 36 44 40 35 37 0 ) ,6: (0 82 14 15 17 0 ) ,7: (0 90 0 ) ,8: (0 92 85 51 20 49 25 0 ) ,9: (0 94 95 84 56 66 0 ) ,
RCdp106.40;1vehc1pcs60perc;true;10105.6;10105.6;10095.9;10105.6;0.104044;0.0703856;0.103844;3600;1;1: (0 42 40 38 37 35 43 68 0 ) ,2: (0 47 15 16 75 58 97 0 ) ,3: (0 57 86 9 10 17 60 0 ) ,4: (0 76 23 21 18 48 24 91 0 ) ,5: (0 78 79 46 4 1 70 0 ) ,6: (0 81 0 ) ,7: (0 90 0 ) ,8: (0 92 62 33 50 93 96 0 ) ,
RCdp107.40;1vehc1pcs60perc;true;9650.44;9650.44;9539.51;9650.44;12.6017;0.69455;12.6015;3600;1;1: (0 29 27 26 32 62 0 ) ,2: (0 70 2 8 7 60 0 ) ,3: (0 72 38 35 36 40 43 41 0 ) ,4: (0 82 9 86 74 59 58 77 25 0 ) ,5: (0 84 63 89 22 48 0 ) ,6: (0 94 0 ) ,7: (0 98 53 14 17 16 15 11 13 10 0 ) ,
RCdp108.40;1vehc1pcs60perc;true;8000.08;8000.08;7915.45;8000.08;3.58236;0.702887;3.58214;3600;1;1: (0 64 19 25 21 48 18 63 56 91 0 ) ,2: (0 69 98 53 10 11 15 9 0 ) ,3: (0 71 72 38 41 54 96 0 ) ,4: (0 88 60 79 6 4 1 2 100 0 ) ,5: (0 95 62 27 67 94 0 ) ,6: (0 99 52 86 74 66 0 ) ,
RCdp201.40;1vehc1pcs60perc;true;8098.17;8098.17;8045.53;8098.17;0.16168;0.0993575;0.161607;3600;1;1: (0 14 16 9 87 13 58 77 0 ) ,2: (0 45 2 7 79 8 4 1 55 0 ) ,3: (0 72 42 38 37 43 70 0 ) ,4: (0 81 0 ) ,5: (0 95 63 31 28 26 50 96 0 ) ,6: (0 98 83 64 23 21 18 22 57 85 56 80 0 ) ,
RCdp202.40;1vehc1pcs60perc;true;6880.77;6880.77;6880.77;6880.77;0.79941;0.799121;0.799121;3600;1;1: (0 14 47 16 11 78 73 4 100 0 ) ,2: (0 36 40 41 38 35 72 0 ) ,3: (0 65 64 19 21 49 20 56 66 0 ) ,4: (0 90 99 57 86 59 87 10 17 98 0 ) ,5: (0 95 85 50 34 26 27 29 71 80 0 ) ,
RCdp203.40;1vehc1pcs60perc;true;6673.11;6673.11;6633.3;6673.11;2.26824;0.605434;2.26807;3600;1;1: (0 45 3 43 39 40 38 41 96 94 84 56 66 0 ) ,2: (0 65 82 11 9 14 73 79 7 6 4 100 70 0 ) ,3: (0 88 55 68 0 ) ,4: (0 91 34 29 27 26 28 76 49 18 25 58 75 86 0 ) ,
RCdp204.40;1vehc1pcs60perc;true;5899.74;5899.74;5866.49;5899.74;20.7496;4.25245;20.7496;3600;1;1: (0 11 47 17 16 87 13 86 74 58 25 21 48 49 20 57 83 90 0 ) ,2: (0 54 72 35 38 61 70 1 3 45 46 8 7 6 2 55 0 ) ,3: (0 95 62 50 26 89 76 63 91 0 ) ,
RCdp205.40;1vehc1pcs60perc;true;7362.64;7362.64;7302.93;7362.64;0.741908;0.235555;0.741816;3600;1;1: (0 42 36 35 37 54 0 ) ,2: (0 67 94 81 2 46 8 55 100 0 ) ,3: (0 69 98 12 14 47 9 59 75 97 58 0 ) ,4: (0 82 52 23 21 76 48 57 90 0 ) ,5: (0 92 33 28 26 29 32 34 93 91 0 ) ,
RCdp206.40;1vehc1pcs60perc;true;7261.25;7261.25;7261.25;7261.25;0.257308;0.257031;0.257031;3600;1;1: (0 14 16 75 23 49 19 18 89 48 20 24 74 17 0 ) ,2: (0 83 66 56 94 93 54 0 ) ,3: (0 88 45 46 7 78 53 90 0 ) ,4: (0 92 95 28 29 31 71 72 38 39 40 44 43 70 68 0 ) ,
RCdp207.40;1vehc1pcs60perc;true;7239.83;7239.83;7125.7;7239.83;6.59838;1.20761;6.59818;3600;1;1: (0 61 70 5 45 79 78 60 0 ) ,2: (0 62 28 30 32 80 0 ) ,3: (0 64 84 85 76 51 22 18 48 20 24 66 0 ) ,4: (0 88 11 9 52 86 57 75 58 97 0 ) ,5: (0 93 71 72 39 38 35 40 43 0 ) ,
RCdp208.40;1vehc1pcs60perc;true;5765.33;5765.33;5752.08;5765.33;14.6383;9.96346;14.6381;3600;1;1: (0 81 41 42 44 43 35 71 93 94 96 80 0 ) ,2: (0 95 67 29 30 33 85 76 51 20 21 25 86 57 65 0 ) ,3: (0 98 14 47 17 15 13 97 9 10 60 7 46 5 70 55 0 ) ,
Rdp101.40;1vehc1pcs60perc;true;9343.46;9343.46;9343.46;9343.46;0.0254119;0.0246611;0.0246611;3600;1;1: (0 2 21 22 74 0 ) ,2: (0 12 40 0 ) ,3: (0 23 67 55 25 0 ) ,4: (0 29 3 54 80 0 ) ,5: (0 30 51 34 77 0 ) ,6: (0 45 8 60 89 0 ) ,7: (0 62 7 10 48 0 ) ,8: (0 65 71 66 0 ) ,9: (0 92 5 99 84 17 0 ) ,10: (0 95 98 44 85 97 13 0 ) ,
Rdp102.40;1vehc1pcs60perc;true;9321.97;9321.97;9318.02;9321.97;0.0753105;0.0598505;0.0752373;3600;1;1: (0 2 42 87 97 13 0 ) ,2: (0 12 54 26 0 ) ,3: (0 14 38 100 0 ) ,4: (0 18 6 0 ) ,5: (0 30 81 35 0 ) ,6: (0 39 23 41 75 56 4 0 ) ,7: (0 50 65 78 55 24 0 ) ,8: (0 52 19 90 10 32 70 0 ) ,9: (0 79 68 0 ) ,10: (0 94 96 59 61 17 0 ) ,
Rdp103.40;1vehc1pcs60perc;true;8048.66;8048.66;7985.84;8048.66;0.401344;0.123529;0.401157;3600;1;1: (0 27 62 10 70 0 ) ,2: (0 53 0 ) ,3: (0 54 39 41 75 4 26 0 ) ,4: (0 60 45 46 8 17 61 100 0 ) ,5: (0 63 64 49 47 48 82 0 ) ,6: (0 69 30 9 71 66 51 0 ) ,7: (0 79 3 77 0 ) ,8: (0 92 43 44 16 84 98 97 0 ) ,
Rdp104.40;1vehc1pcs60perc;true;7139.34;7139.34;7139.34;7139.34;0.437973;0.437661;0.437661;3600;1;1: (0 5 45 8 36 49 7 52 0 ) ,2: (0 50 81 9 35 65 20 51 0 ) ,3: (0 73 56 23 39 55 25 26 0 ) ,4: (0 76 79 29 24 80 77 12 0 ) ,5: (0 88 62 10 32 70 27 0 ) ,6: (0 94 59 85 44 43 6 0 ) ,
Rdp105.40;1vehc1pcs60perc;true;8540.02;8540.02;8482.89;8540.02;0.126513;0.0725082;0.126489;3600;1;1: (0 23 41 57 0 ) ,2: (0 28 50 3 68 80 0 ) ,3: (0 31 88 30 90 66 1 0 ) ,4: (0 33 79 81 9 34 35 77 0 ) ,5: (0 36 64 49 10 0 ) ,6: (0 62 11 19 8 0 ) ,7: (0 73 22 56 54 0 ) ,8: (0 92 59 5 61 85 37 96 0 ) ,
Rdp106.40;1vehc1pcs60perc;true;7409.91;7409.91;7363.64;7409.91;1.6643;1.47754;1.66418;3600;1;1: (0 18 17 93 96 0 ) ,2: (0 21 73 40 53 0 ) ,3: (0 28 50 81 20 66 35 77 0 ) ,4: (0 37 85 91 16 44 38 43 2 0 ) ,5: (0 45 61 99 87 0 ) ,6: (0 52 7 62 30 90 10 70 31 0 ) ,7: (0 72 75 23 55 26 0 ) ,
Rdp107.40;1vehc1pcs60perc;true;6827.16;6827.16;6808.09;6827.16;0.530421;0.333907;0.530224;3600;1;1: (0 18 83 45 46 7 0 ) ,2: (0 31 30 76 80 54 26 0 ) ,3: (0 33 81 65 71 9 20 32 90 70 0 ) ,4: (0 40 13 58 0 ) ,5: (0 89 6 59 61 16 91 100 37 0 ) ,6: (0 97 42 41 22 56 55 4 73 21 0 ) ,
Rdp108.40;1vehc1pcs60perc;true;7036.78;7036.78;7036.78;7036.78;1.82289;1.82268;1.82268;3600;1;1: (0 31 62 11 64 49 36 18 0 ) ,2: (0 40 22 41 23 67 24 29 68 26 0 ) ,3: (0 57 43 44 86 16 91 100 37 6 0 ) ,4: (0 69 70 51 9 66 35 34 3 0 ) ,5: (0 99 85 61 84 17 60 89 0 ) ,
Rdp109.40;1vehc1pcs60perc;true;7898.69;7898.69;7852.11;7894.65;0.577645;0.0752958;0.489988;3600;3;1: (0 2 87 57 43 97 13 0 ) ,2: (0 27 30 71 65 66 70 1 0 ) ,3: (0 40 21 73 22 74 25 0 ) ,4: (0 45 84 99 6 0 ) ,5: (0 52 62 90 64 46 60 0 ) ,6: (0 76 33 29 78 34 80 0 ) ,7: (0 95 85 61 86 93 0 ) ,
Rdp110.40;1vehc1pcs60perc;true;7249.25;7249.25;7249.25;7249.25;0.177794;0.177491;0.177491;3600;1;1: (0 12 68 54 26 0 ) ,2: (0 18 5 84 60 96 0 ) ,3: (0 21 4 39 56 22 15 0 ) ,4: (0 31 88 7 49 64 11 0 ) ,5: (0 53 58 13 94 0 ) ,6: (0 76 71 81 34 35 66 1 0 ) ,7: (0 95 100 85 61 86 44 91 37 0 ) ,
Rdp111.40;1vehc1pcs60perc;true;6404.74;6404.74;6323.97;6398.24;3.46325;0.305033;2.59408;3600;3;1: (0 2 57 15 41 0 ) ,2: (0 21 72 75 67 56 54 26 0 ) ,3: (0 28 50 3 78 34 9 51 1 0 ) ,4: (0 31 63 62 48 82 52 0 ) ,5: (0 53 40 0 ) ,6: (0 85 91 16 86 61 84 17 60 0 ) ,7: (0 94 99 93 95 13 0 ) ,
Rdp112.40;1vehc1pcs60perc;true;6659.16;6659.16;6504.12;6659.16;4.95635;0.707614;4.95616;3600;1;1: (0 7 82 45 17 61 92 97 58 0 ) ,2: (0 21 73 72 74 41 56 4 26 0 ) ,3: (0 62 47 36 49 64 66 20 1 0 ) ,4: (0 76 3 81 35 34 33 50 0 ) ,5: (0 94 93 85 91 44 38 100 96 89 0 ) ,
Rdp201.40;1vehc1pcs60perc;true;6416.16;6416.16;6407.56;6416.16;0.191544;0.124876;0.191364;3600;1;1: (0 27 69 30 51 9 81 79 34 3 68 80 0 ) ,2: (0 52 47 64 11 90 10 0 ) ,3: (0 75 23 67 55 26 0 ) ,4: (0 83 45 46 48 60 17 91 93 0 ) ,5: (0 92 42 15 14 38 86 85 6 57 74 0 ) ,
Rdp202.40;1vehc1pcs60perc;true;6415.99;6415.99;6391.65;6415.99;0.329714;0.218631;0.329632;3600;1;1: (0 33 29 78 81 9 20 66 35 34 80 0 ) ,2: (0 40 21 73 75 22 43 2 58 0 ) ,3: (0 52 48 36 49 70 1 0 ) ,4: (0 76 67 55 25 26 0 ) ,5: (0 88 18 8 83 60 0 ) ,6: (0 95 42 85 99 93 96 0 ) ,
Rdp203.40;1vehc1pcs60perc;true;5418.25;5418.25;5418.25;5418.25;0.72542;0.725354;0.725354;3600;1;1: (0 26 21 72 67 23 22 75 4 54 24 68 80 77 0 ) ,2: (0 50 33 76 3 78 9 20 70 0 ) ,3: (0 69 31 88 63 64 19 47 82 0 ) ,4: (0 92 57 42 14 38 44 99 59 100 5 60 0 ) ,
Rdp204.40;1vehc1pcs60perc;true;4825.01;4825.01;4708.29;4814.08;290.363;5.88329;61.7574;3600;11;1: (0 26 21 73 72 56 39 23 41 15 42 44 93 99 95 6 84 83 52 0 ) ,2: (0 27 69 31 88 7 19 11 64 63 10 30 66 65 35 77 0 ) ,3: (0 53 0 ) ,4: (0 76 54 55 4 40 58 0 ) ,
Rdp205.40;1vehc1pcs60perc;true;6044.66;6044.66;6039.35;6044.66;0.367572;0.24969;0.367399;3600;1;1: (0 21 72 23 67 29 3 50 77 68 80 24 74 0 ) ,2: (0 27 11 64 82 45 46 84 99 97 96 6 0 ) ,3: (0 28 76 33 81 71 35 66 32 10 70 0 ) ,4: (0 59 92 38 15 57 40 53 0 ) ,
Rdp206.40;1vehc1pcs60perc;true;5284.93;5284.93;5223.68;5284.93;2.20534;0.474426;2.20518;3600;1;1: (0 12 79 78 68 80 24 54 55 25 4 26 0 ) ,2: (0 40 87 44 16 86 17 100 93 59 0 ) ,3: (0 52 83 45 82 48 47 36 11 90 10 70 0 ) ,4: (0 92 14 42 15 39 56 74 21 58 0 ) ,
Rdp207.40;1vehc1pcs60perc;true;5625.28;5625.28;5625.28;5625.28;0.76065;0.760442;0.760442;3600;1;1: (0 1 30 20 65 66 32 0 ) ,2: (0 26 54 39 67 23 74 21 0 ) ,3: (0 28 76 79 78 29 77 12 0 ) ,4: (0 40 87 15 14 86 16 91 93 13 0 ) ,5: (0 62 19 36 49 48 82 8 83 84 60 89 0 ) ,
Rdp208.40;1vehc1pcs60perc;true;4671.75;4671.75;4662.51;4671.75;29.1027;16.2649;29.1026;3600;1;1: (0 69 70 31 88 82 47 36 64 32 66 65 71 35 34 78 33 76 68 4 74 40 26 0 ) ,2: (0 89 83 45 17 5 59 92 37 98 85 91 14 43 15 57 2 87 13 0 ) ,
Rdp209.40;1vehc1pcs60perc;true;5433.04;5433.04;5433.04;5433.04;0.456056;0.455798;0.455798;3600;1;1: (0 27 69 30 7 82 83 8 46 36 49 64 32 10 0 ) ,2: (0 28 76 33 81 71 65 34 78 50 0 ) ,3: (0 75 67 39 56 41 15 42 94 97 58 0 ) ,4: (0 95 59 98 85 16 17 84 60 0 ) ,
Rdp210.40;1vehc1pcs60perc;true;5182.23;5182.23;5175.85;5182.23;1.22091;0.899245;1.22073;3600;1;1: (0 11 19 47 48 82 18 60 84 93 100 0 ) ,2: (0 33 76 12 24 29 79 81 71 35 34 3 77 0 ) ,3: (0 94 59 85 44 38 43 41 22 56 72 73 26 0 ) ,4: (0 95 92 15 87 97 13 0 ) ,
Rdp211.40;1vehc1pcs60perc;true;5012.38;5012.38;4982.77;5012.38;44.1699;6.94976;44.1697;3600;1;1: (0 28 79 81 9 30 20 65 34 29 24 54 80 77 3 50 0 ) ,2: (0 31 88 19 49 48 8 45 5 93 6 0 ) ,3: (0 95 98 85 86 38 44 42 15 41 75 74 21 2 87 13 0 ) ,
Cdp101.60;1vehc1pcs60perc;true;10236.7;10236.7;10219.1;10236.7;0.138616;0.114057;0.13842;3600;1;1: (0 5 7 8 10 11 9 6 0 ) ,2: (0 13 14 12 4 75 0 ) ,3: (0 20 24 25 29 30 28 23 22 0 ) ,4: (0 33 31 37 38 36 34 0 ) ,5: (0 43 44 51 50 52 49 0 ) ,6: (0 55 54 53 56 0 ) ,7: (0 65 63 62 74 72 64 66 69 0 ) ,8: (0 78 71 77 80 0 ) ,9: (0 87 86 84 85 91 0 ) ,10: (0 96 94 92 93 97 100 2 0 ) ,
Cdp102.60;1vehc1pcs60perc;true;10089.5;10089.5;10089.5;10089.5;0.283204;0.282887;0.282887;3600;1;1: (0 10 11 9 6 7 3 5 0 ) ,2: (0 13 19 15 16 14 0 ) ,3: (0 20 24 25 29 26 23 0 ) ,4: (0 32 33 31 35 38 37 36 0 ) ,5: (0 43 42 40 44 45 48 50 49 0 ) ,6: (0 57 53 58 60 59 0 ) ,7: (0 67 74 61 68 69 0 ) ,8: (0 81 76 73 77 79 80 0 ) ,9: (0 87 83 82 85 88 89 0 ) ,10: (0 98 96 97 99 2 0 ) ,
Cdp103.60;1vehc1pcs60perc;true;9933.22;9933.22;9857.52;9933.22;2.22026;1.55867;2.22022;3600;1;1: (0 13 17 19 15 16 14 6 4 7 0 ) ,2: (0 21 25 30 28 23 0 ) ,3: (0 32 35 37 39 36 34 29 24 0 ) ,4: (0 43 42 41 40 44 46 49 47 0 ) ,5: (0 59 54 53 72 61 64 66 0 ) ,6: (0 67 65 62 74 90 88 3 0 ) ,7: (0 85 82 76 71 70 79 80 0 ) ,8: (0 98 96 95 94 92 100 99 2 1 0 ) ,
Cdp104.60;1vehc1pcs60perc;true;9695.73;9695.73;9598.77;9695.73;76.0728;15.4715;76.0726;3600;1;1: (0 7 8 11 6 2 4 3 0 ) ,2: (0 10 12 16 15 17 18 23 26 0 ) ,3: (0 40 44 45 46 50 49 47 43 0 ) ,4: (0 52 32 31 35 37 38 39 34 29 24 0 ) ,5: (0 67 74 61 54 59 68 66 0 ) ,6: (0 87 85 82 71 73 80 79 78 81 86 90 0 ) ,7: (0 89 88 94 92 93 97 100 99 98 0 ) ,
Cdp105.60;1vehc1pcs60perc;true;10440.6;10440.6;10440.6;10440.6;0.119402;0.11906;0.11906;3600;1;1: (0 5 8 10 11 6 4 75 0 ) ,2: (0 17 18 19 16 14 12 0 ) ,3: (0 25 26 22 0 ) ,4: (0 33 31 35 37 38 39 0 ) ,5: (0 43 44 46 45 48 51 50 52 49 0 ) ,6: (0 57 55 54 53 58 68 0 ) ,7: (0 67 65 63 74 72 64 66 0 ) ,8: (0 81 70 73 77 80 0 ) ,9: (0 90 83 82 85 88 0 ) ,10: (0 98 95 93 100 2 1 0 ) ,
Cdp106.60;1vehc1pcs60perc;true;9948.81;9948.81;9948.81;9948.81;0.134942;0.134577;0.134577;3600;1;1: (0 7 8 11 9 6 4 2 1 75 0 ) ,2: (0 13 19 14 12 0 ) ,3: (0 20 24 27 29 30 28 26 22 0 ) ,4: (0 32 31 37 38 36 34 0 ) ,5: (0 43 41 44 46 48 50 49 47 0 ) ,6: (0 57 54 58 60 59 0 ) ,7: (0 67 65 72 61 64 0 ) ,8: (0 81 70 73 79 0 ) ,9: (0 90 83 84 85 0 ) ,10: (0 98 96 94 92 93 97 99 0 ) ,
Cdp107.60;1vehc1pcs60perc;true;10102.9;10102.9;10102.9;10102.9;0.160014;0.159676;0.159676;3600;1;1: (0 5 8 11 9 6 4 0 ) ,2: (0 17 18 15 16 14 12 0 ) ,3: (0 20 24 25 28 26 23 22 21 0 ) ,4: (0 32 35 37 36 34 0 ) ,5: (0 41 40 53 60 59 68 0 ) ,6: (0 43 42 45 48 49 0 ) ,7: (0 65 74 72 64 66 69 0 ) ,8: (0 81 78 71 73 77 79 80 0 ) ,9: (0 87 86 83 82 84 91 0 ) ,10: (0 98 95 93 99 1 0 ) ,
Cdp108.60;1vehc1pcs60perc;true;10090.6;10090.6;10090.6;10090.6;0.293713;0.293415;0.293415;3600;1;1: (0 3 7 8 11 10 0 ) ,2: (0 17 19 15 12 9 6 4 0 ) ,3: (0 20 24 26 23 21 0 ) ,4: (0 32 33 31 35 38 39 36 34 0 ) ,5: (0 43 42 41 40 45 48 50 49 0 ) ,6: (0 57 54 53 56 58 60 68 0 ) ,7: (0 63 62 74 72 66 0 ) ,8: (0 81 77 80 0 ) ,9: (0 87 86 85 89 91 0 ) ,10: (0 98 95 93 99 2 1 75 0 ) ,
Cdp109.60;1vehc1pcs60perc;true;9999.15;9999.15;9908.03;9999.15;1.35068;0.418719;1.3505;3600;1;1: (0 7 3 98 96 92 97 100 99 2 0 ) ,2: (0 13 17 18 19 12 11 75 0 ) ,3: (0 20 24 29 27 26 22 0 ) ,4: (0 32 31 35 38 34 0 ) ,5: (0 43 41 40 44 46 51 50 52 49 47 0 ) ,6: (0 54 53 58 60 59 68 64 66 69 0 ) ,7: (0 67 63 90 89 88 91 0 ) ,8: (0 87 86 82 78 71 70 73 77 0 ) ,
Cdp201.60;1vehc1pcs60perc;true;6702.43;6702.43;6702.43;6702.43;1.13965;1.13934;1.13934;3600;1;1: (0 5 75 2 100 92 7 3 4 89 91 88 84 86 76 73 80 81 77 90 0 ) ,2: (0 20 24 30 29 32 31 35 37 38 39 36 26 16 12 15 13 9 10 0 ) ,3: (0 67 63 62 74 72 61 64 68 65 49 55 53 58 60 57 40 44 46 51 47 43 41 48 0 ) ,
Cdp202.60;1vehc1pcs60perc;true;6681.78;6681.78;6681.78;6681.78;3.55432;3.55391;3.55391;3600;1;1: (0 20 27 31 35 37 39 36 34 26 18 19 16 14 17 13 9 10 8 21 0 ) ,2: (0 67 63 62 74 72 64 66 69 68 65 55 54 56 58 44 50 52 47 43 48 0 ) ,3: (0 93 5 75 1 99 100 95 98 4 89 84 86 82 85 71 70 73 80 81 87 90 0 ) ,
Cdp203.60;1vehc1pcs60perc;true;6586.34;6586.34;6586.34;6586.34;24.3682;24.368;24.368;3600;1;1: (0 20 24 30 29 32 31 39 28 26 23 18 19 16 14 13 25 11 0 ) ,2: (0 67 62 74 72 61 64 66 49 54 56 58 60 59 57 46 51 50 52 47 42 41 48 0 ) ,3: (0 93 5 1 99 100 94 95 98 7 4 90 86 82 85 71 70 80 79 81 78 96 0 ) ,
Cdp204.60;1vehc1pcs60perc;true;6640.34;6640.34;6640.34;6640.34;135.028;135.028;135.028;3600;1;1: (0 2 1 100 97 92 95 3 4 89 91 86 84 83 82 76 71 73 80 96 0 ) ,2: (0 20 22 30 29 6 32 33 31 35 37 36 28 18 14 17 25 11 10 0 ) ,3: (0 67 62 74 66 69 61 72 49 55 54 53 58 59 57 40 41 42 45 50 52 47 43 48 0 ) ,
Cdp205.60;1vehc1pcs60perc;true;6662.73;6662.73;6660.84;6662.73;2.94386;1.51564;2.94367;3600;1;1: (0 20 24 30 29 6 32 31 35 38 37 34 28 26 23 19 16 15 9 11 10 8 0 ) ,2: (0 62 72 66 69 68 56 60 57 40 46 45 51 50 52 47 43 41 0 ) ,3: (0 93 5 75 99 100 92 95 98 3 4 89 91 84 83 82 85 70 73 78 77 96 90 0 ) ,
Cdp206.60;1vehc1pcs60perc;true;6750.87;6750.87;6750.87;6750.87;1.94158;1.94123;1.94123;3600;1;1: (0 20 22 27 30 29 6 32 31 37 38 36 34 26 18 19 14 12 15 17 13 25 0 ) ,2: (0 67 62 74 72 61 66 68 55 54 53 57 40 44 46 52 47 42 41 43 0 ) ,3: (0 93 2 1 100 92 94 7 3 4 86 83 82 85 76 71 73 80 79 81 87 0 ) ,
Cdp207.60;1vehc1pcs60perc;true;6764.91;6764.91;6764.91;6764.91;2.32149;2.32116;2.32116;3600;1;1: (0 1 99 94 98 7 3 4 89 91 88 86 84 83 82 85 76 70 80 79 81 78 87 96 0 ) ,2: (0 22 6 31 33 37 36 34 28 18 19 16 12 15 13 25 11 8 21 0 ) ,3: (0 62 61 64 66 69 68 49 53 58 60 57 40 46 51 50 47 43 41 48 0 ) ,
Cdp208.60;1vehc1pcs60perc;true;6669.4;6669.4;6669.4;6669.4;4.51593;4.51569;4.51569;3600;1;1: (0 20 22 24 30 29 33 36 39 18 17 15 16 13 25 9 11 8 0 ) ,2: (0 67 63 66 62 61 64 65 54 53 56 58 60 59 46 51 50 52 47 42 41 0 ) ,3: (0 93 5 75 2 1 100 92 95 98 4 91 88 86 85 76 70 73 80 81 78 77 87 90 0 ) ,
RCdp101.60;1vehc1pcs60perc;true;13884.9;13884.9;13574.5;13849.8;1.5973;0.106193;0.704048;3600;21;1: (0 2 5 8 7 46 3 1 4 0 ) ,2: (0 14 47 11 12 53 0 ) ,3: (0 23 21 19 18 48 25 0 ) ,4: (0 31 30 28 26 34 93 0 ) ,5: (0 42 39 38 44 41 43 37 35 0 ) ,6: (0 61 81 0 ) ,7: (0 62 67 96 0 ) ,8: (0 63 51 84 56 66 0 ) ,9: (0 65 59 87 97 13 0 ) ,10: (0 82 99 57 49 24 0 ) ,11: (0 88 90 0 ) ,12: (0 98 73 79 6 68 0 ) ,
RCdp102.60;1vehc1pcs60perc;true;13581.6;13581.6;13445.6;13581.6;0.988818;0.253091;0.988542;3600;1;1: (0 2 6 8 46 4 3 1 100 0 ) ,2: (0 12 14 15 9 87 59 97 13 0 ) ,3: (0 39 36 44 40 43 35 37 0 ) ,4: (0 50 33 28 29 31 56 0 ) ,5: (0 63 76 89 0 ) ,6: (0 64 23 21 18 49 20 24 0 ) ,7: (0 79 60 0 ) ,8: (0 81 54 96 0 ) ,9: (0 92 62 67 71 93 94 80 0 ) ,10: (0 98 53 82 66 0 ) ,11: (0 99 86 75 77 25 0 ) ,
RCdp103.60;1vehc1pcs60perc;true;12311;12311;12258.3;12311;4.25083;1.19565;4.25062;3600;1;1: (0 7 45 3 5 8 4 100 70 0 ) ,2: (0 47 16 15 9 10 13 90 0 ) ,3: (0 62 50 30 28 26 31 34 80 0 ) ,4: (0 65 57 23 21 18 49 25 83 0 ) ,5: (0 69 88 53 78 73 60 0 ) ,6: (0 81 42 40 37 72 54 68 0 ) ,7: (0 85 89 76 56 66 0 ) ,8: (0 92 67 71 93 96 0 ) ,9: (0 99 86 87 59 58 77 0 ) ,
RCdp104.60;1vehc1pcs60perc;true;12229.9;12229.9;11993;12166.5;59.5129;2.74798;27.0354;3600;9;1: (0 11 15 16 9 13 17 47 14 0 ) ,2: (0 51 18 48 23 25 24 64 0 ) ,3: (0 69 53 88 55 6 2 68 0 ) ,4: (0 78 73 79 7 45 4 5 3 1 100 0 ) ,5: (0 80 92 67 29 27 28 30 32 33 0 ) ,6: (0 85 63 89 76 84 0 ) ,7: (0 94 71 37 40 39 42 41 81 0 ) ,8: (0 99 87 97 75 86 82 0 ) ,
RCdp105.60;1vehc1pcs60perc;true;12753.2;12753.2;12753.2;12753.2;0.319746;0.319708;0.319708;3600;1;1: (0 7 45 1 8 6 70 0 ) ,2: (0 14 15 13 17 0 ) ,3: (0 19 23 48 18 49 20 25 24 0 ) ,4: (0 39 36 44 40 35 37 0 ) ,5: (0 65 99 52 86 57 77 0 ) ,6: (0 69 98 53 68 0 ) ,7: (0 72 71 31 29 28 32 34 93 0 ) ,8: (0 81 96 94 80 0 ) ,9: (0 82 11 87 59 58 0 ) ,10: (0 90 0 ) ,11: (0 92 95 85 63 51 84 56 66 0 ) ,
RCdp106.60;1vehc1pcs60perc;true;13087.6;13087.6;12932.1;13087.6;2.11219;0.470366;2.11217;3600;1;1: (0 7 45 5 46 4 3 1 70 0 ) ,2: (0 42 44 40 38 37 35 43 68 0 ) ,3: (0 52 87 75 97 58 24 0 ) ,4: (0 57 86 9 13 10 0 ) ,5: (0 63 76 23 21 18 48 89 0 ) ,6: (0 69 98 78 73 79 60 0 ) ,7: (0 81 71 93 96 0 ) ,8: (0 82 11 14 47 15 16 17 0 ) ,9: (0 90 0 ) ,10: (0 92 95 62 33 30 26 50 91 0 ) ,
RCdp107.60;1vehc1pcs60perc;true;12109.9;12109.9;12077.9;12109.9;3.86525;1.94817;3.86521;3600;1;1: (0 29 27 28 26 30 32 34 93 0 ) ,2: (0 64 51 63 89 76 56 0 ) ,3: (0 65 52 86 57 22 25 48 66 0 ) ,4: (0 70 100 2 7 8 46 60 0 ) ,5: (0 72 38 35 36 40 43 39 41 54 0 ) ,6: (0 82 9 87 59 75 58 77 74 0 ) ,7: (0 84 62 67 94 96 0 ) ,8: (0 98 53 14 17 16 15 11 13 10 0 ) ,
RCdp108.60;1vehc1pcs60perc;true;10562.5;10562.5;10368.5;10521.9;96.6979;3.52821;54.6541;3600;11;1: (0 61 1 3 45 4 8 6 2 100 0 ) ,2: (0 64 24 25 21 48 18 19 49 66 0 ) ,3: (0 67 62 85 63 33 32 27 29 0 ) ,4: (0 69 98 53 10 11 16 15 47 14 0 ) ,5: (0 71 72 38 35 36 40 44 41 54 0 ) ,6: (0 88 60 79 73 78 0 ) ,7: (0 96 94 95 56 91 0 ) ,8: (0 99 52 86 74 87 9 0 ) ,
RCdp201.60;1vehc1pcs60perc;true;10811.4;10811.4;10712.5;10811.4;2.41603;0.382936;2.41598;3600;1;1: (0 45 2 61 81 96 0 ) ,2: (0 59 14 16 78 79 7 8 4 1 55 0 ) ,3: (0 67 85 76 89 80 0 ) ,4: (0 69 98 52 57 86 87 9 13 74 58 77 0 ) ,5: (0 72 42 39 38 40 35 37 43 70 0 ) ,6: (0 83 64 23 21 18 49 22 56 0 ) ,7: (0 90 0 ) ,8: (0 95 63 33 31 30 28 26 34 50 32 93 0 ) ,
RCdp202.60;1vehc1pcs60perc;true;8997.2;8997.2;8997.2;8997.2;1.99191;1.99184;1.99184;3600;1;1: (0 2 45 7 79 73 78 53 98 0 ) ,2: (0 14 47 16 11 9 10 17 0 ) ,3: (0 42 36 44 41 38 40 35 43 3 4 100 70 0 ) ,4: (0 61 72 71 93 94 80 0 ) ,5: (0 65 64 19 21 23 75 59 87 86 57 99 90 0 ) ,6: (0 95 62 50 34 31 29 27 26 85 51 76 49 20 56 66 0 ) ,
RCdp203.60;1vehc1pcs60perc;true;8512.28;8512.28;8444.64;8512.28;26.6433;6.87831;26.6432;3600;1;1: (0 1 3 45 46 7 73 14 16 15 11 9 87 74 13 82 0 ) ,2: (0 65 64 20 49 18 48 25 77 75 58 86 52 0 ) ,3: (0 88 53 60 79 6 4 55 68 0 ) ,4: (0 91 92 94 34 29 27 26 28 89 76 84 56 66 80 0 ) ,5: (0 96 42 39 41 38 40 35 37 43 70 100 0 ) ,
RCdp204.60;1vehc1pcs60perc;true;7579.07;7579.07;7516.73;7579.07;552.511;140.873;552.511;3600;1;1: (0 11 9 87 74 86 57 52 90 0 ) ,2: (0 53 60 78 73 47 17 16 13 97 75 58 25 21 48 18 49 20 22 83 0 ) ,3: (0 81 54 72 35 36 38 61 70 2 6 7 8 46 4 45 3 1 55 0 ) ,4: (0 91 92 95 62 50 31 27 26 89 76 63 85 67 71 93 0 ) ,
RCdp205.60;1vehc1pcs60perc;true;9582.46;9582.46;9574.89;9582.46;2.46343;1.465;2.46325;3600;1;1: (0 42 39 36 44 43 35 37 54 0 ) ,2: (0 65 64 23 21 48 20 66 0 ) ,3: (0 69 98 78 7 8 46 1 2 55 0 ) ,4: (0 82 12 14 47 16 15 11 9 13 60 100 0 ) ,5: (0 90 52 57 86 59 75 97 77 58 0 ) ,6: (0 92 33 28 29 27 26 32 34 93 0 ) ,7: (0 94 67 76 51 84 91 81 0 ) ,
RCdp206.60;1vehc1pcs60perc;true;8928.25;8928.25;8881.77;8928.25;6.35016;2.00272;6.35013;3600;1;1: (0 12 14 47 16 15 11 59 75 87 86 74 17 60 55 0 ) ,2: (0 61 72 38 39 41 44 40 35 43 70 68 0 ) ,3: (0 88 2 45 46 8 7 78 53 90 0 ) ,4: (0 92 95 31 29 28 26 89 48 24 66 0 ) ,5: (0 94 71 93 54 0 ) ,6: (0 99 83 23 21 18 19 49 20 84 56 91 80 0 ) ,
RCdp207.60;1vehc1pcs60perc;true;8894.94;8894.94;8843.23;8894.94;18.8525;6.50712;18.8524;3600;1;1: (0 61 70 5 45 79 47 17 16 11 88 69 90 0 ) ,2: (0 62 63 30 28 29 34 32 33 89 48 20 24 66 0 ) ,3: (0 64 22 25 21 18 76 51 85 84 94 91 80 0 ) ,4: (0 82 52 86 57 75 58 97 9 10 78 60 0 ) ,5: (0 93 71 72 38 35 36 40 44 43 39 41 54 0 ) ,
RCdp208.60;1vehc1pcs60perc;true;7070.05;7070.05;7056.18;7070.05;476.002;244.609;476.001;3600;1;1: (0 51 85 63 76 89 33 30 28 26 27 29 67 95 91 80 0 ) ,2: (0 65 82 99 86 87 97 75 25 23 21 20 57 90 0 ) ,3: (0 69 98 10 9 13 15 16 17 47 14 60 7 6 46 4 5 1 70 55 0 ) ,4: (0 81 41 39 42 44 43 40 35 37 71 93 94 96 0 ) ,
Rdp101.60;1vehc1pcs60perc;true;12378.5;12378.5;12378.5;12378.5;0.0501887;0.0501436;0.0501436;3600;1;1: (0 2 21 22 74 0 ) ,2: (0 5 83 99 94 0 ) ,3: (0 12 50 68 80 0 ) ,4: (0 14 44 86 17 100 0 ) ,5: (0 23 67 55 25 0 ) ,6: (0 29 79 3 54 0 ) ,7: (0 33 51 9 34 77 0 ) ,8: (0 40 53 0 ) ,9: (0 45 82 7 8 48 0 ) ,10: (0 52 18 84 60 89 0 ) ,11: (0 62 19 90 10 0 ) ,12: (0 65 71 66 70 0 ) ,13: (0 69 30 20 1 0 ) ,14: (0 92 95 98 85 97 13 0 ) ,
Rdp102.60;1vehc1pcs60perc;true;12750.2;12750.2;12750.2;12750.2;0.183481;0.183433;0.183433;3600;1;1: (0 2 42 16 17 83 0 ) ,2: (0 14 38 100 37 0 ) ,3: (0 18 6 89 0 ) ,4: (0 28 12 54 26 0 ) ,5: (0 30 81 66 1 0 ) ,6: (0 39 23 67 55 24 0 ) ,7: (0 50 33 79 68 0 ) ,8: (0 52 48 47 19 8 82 0 ) ,9: (0 63 64 90 10 32 70 0 ) ,10: (0 65 71 78 35 0 ) ,11: (0 73 41 75 56 4 0 ) ,12: (0 87 57 97 13 0 ) ,13: (0 94 59 98 61 93 96 0 ) ,
Rdp103.60;1vehc1pcs60perc;true;11054.2;11054.2;11033.5;11054;2.94989;0.523175;1.99719;3600;3;1: (0 6 0 ) ,2: (0 26 39 41 75 4 25 54 0 ) ,3: (0 27 69 76 79 3 68 77 0 ) ,4: (0 32 63 64 49 19 7 0 ) ,5: (0 33 30 51 9 66 71 34 0 ) ,6: (0 53 0 ) ,7: (0 60 45 8 46 47 48 82 0 ) ,8: (0 62 11 10 70 0 ) ,9: (0 92 85 16 44 38 14 91 100 95 0 ) ,10: (0 94 99 84 17 61 98 0 ) ,11: (0 97 42 43 87 58 0 ) ,
Rdp104.60;1vehc1pcs60perc;true;9680.35;9680.35;9601.99;9680.35;8.69135;2.36177;8.69115;3600;1;1: (0 12 80 29 24 55 25 26 0 ) ,2: (0 27 31 88 62 10 32 20 70 0 ) ,3: (0 42 43 15 87 97 100 37 0 ) ,4: (0 45 8 36 49 48 7 52 0 ) ,5: (0 50 81 9 35 65 71 51 0 ) ,6: (0 53 0 ) ,7: (0 73 75 56 23 67 39 4 21 58 0 ) ,8: (0 76 79 34 78 77 28 0 ) ,9: (0 94 59 85 44 16 84 5 6 0 ) ,
Rdp105.60;1vehc1pcs60perc;true;11640.4;11640.4;11583.3;11640.4;0.292548;0.146542;0.292379;3600;1;1: (0 2 73 41 22 56 74 0 ) ,2: (0 5 83 8 18 0 ) ,3: (0 27 31 88 30 20 66 35 77 0 ) ,4: (0 28 12 79 78 34 50 1 0 ) ,5: (0 33 9 81 3 68 54 80 0 ) ,6: (0 36 64 49 46 48 0 ) ,7: (0 39 23 67 25 0 ) ,8: (0 53 0 ) ,9: (0 62 19 11 90 10 0 ) ,10: (0 92 14 38 57 97 96 0 ) ,11: (0 95 59 61 85 37 100 91 0 ) ,
Rdp106.60;1vehc1pcs60perc;true;10885.2;10885.2;10815.6;10885.2;2.42565;0.710994;2.42547;3600;1;1: (0 26 75 23 55 80 0 ) ,2: (0 27 62 19 49 46 7 52 0 ) ,3: (0 28 29 79 81 9 35 77 0 ) ,4: (0 40 73 22 72 21 58 0 ) ,5: (0 45 18 0 ) ,6: (0 50 33 65 66 20 32 70 0 ) ,7: (0 53 87 97 37 98 93 59 96 0 ) ,8: (0 69 30 51 90 10 31 0 ) ,9: (0 85 91 16 44 38 43 2 0 ) ,10: (0 99 61 86 17 5 0 ) ,
Rdp107.60;1vehc1pcs60perc;true;9236.01;9236.01;9151.46;9236.01;14.8843;2.88284;14.8842;3600;1;1: (0 27 30 32 90 10 31 0 ) ,2: (0 28 76 51 9 35 81 80 0 ) ,3: (0 33 71 65 66 20 70 0 ) ,4: (0 40 21 56 55 4 54 26 0 ) ,5: (0 52 88 7 82 48 46 17 83 18 0 ) ,6: (0 89 5 45 84 61 86 16 91 100 37 0 ) ,7: (0 94 95 92 59 99 6 13 0 ) ,8: (0 97 42 43 41 22 74 73 58 0 ) ,
Rdp108.60;1vehc1pcs60perc;true;9157.97;9157.97;9110.67;9157.97;27.0773;4.65292;27.0725;3600;1;1: (0 18 60 83 8 84 17 61 91 100 37 97 0 ) ,2: (0 27 69 76 50 51 9 81 3 77 0 ) ,3: (0 31 10 62 11 64 49 36 47 19 0 ) ,4: (0 40 22 41 23 67 39 4 26 0 ) ,5: (0 68 24 29 34 35 71 66 32 70 0 ) ,6: (0 89 6 99 59 95 13 0 ) ,7: (0 94 85 16 86 44 43 57 58 0 ) ,
Rdp109.60;1vehc1pcs60perc;true;10733;10733;10688.6;10733;0.864149;0.341955;0.863944;3600;1;1: (0 5 61 86 38 43 97 0 ) ,2: (0 6 94 99 85 93 96 0 ) ,3: (0 21 73 39 25 54 80 0 ) ,4: (0 27 69 30 90 88 0 ) ,5: (0 31 62 63 64 49 46 0 ) ,6: (0 33 71 65 66 70 1 0 ) ,7: (0 40 2 87 13 0 ) ,8: (0 52 82 47 45 84 17 60 0 ) ,9: (0 76 79 29 34 78 50 0 ) ,10: (0 95 98 14 42 57 41 22 74 0 ) ,
Rdp110.60;1vehc1pcs60perc;true;10252.4;10252.4;10166.9;10251.7;5.83815;0.69275;4.84662;3600;3;1: (0 5 84 61 85 37 97 13 0 ) ,2: (0 11 63 64 49 36 46 45 60 0 ) ,3: (0 12 68 54 26 0 ) ,4: (0 27 31 88 7 47 48 0 ) ,5: (0 51 81 34 33 50 0 ) ,6: (0 52 18 0 ) ,7: (0 53 21 73 22 56 39 25 4 0 ) ,8: (0 76 35 71 66 20 32 1 0 ) ,9: (0 94 87 57 15 58 0 ) ,10: (0 95 98 100 86 38 44 91 96 0 ) ,
Rdp111.60;1vehc1pcs60perc;true;9801.45;9801.45;9746.58;9801.45;12.7518;0.983205;12.7516;3600;1;1: (0 2 57 15 41 22 73 0 ) ,2: (0 21 72 75 67 39 56 54 26 0 ) ,3: (0 27 88 62 63 90 10 0 ) ,4: (0 28 76 79 9 78 34 3 0 ) ,5: (0 31 64 49 36 48 82 7 52 0 ) ,6: (0 50 81 65 66 51 1 0 ) ,7: (0 53 40 0 ) ,8: (0 87 98 91 85 93 95 13 0 ) ,9: (0 94 92 99 84 61 16 86 17 83 60 0 ) ,
Rdp112.60;1vehc1pcs60perc;true;9376.38;9376.38;9155.64;9370.75;439.796;5.4164;161.403;3600;7;1: (0 21 73 72 56 4 25 24 54 26 0 ) ,2: (0 28 76 3 33 81 9 51 50 0 ) ,3: (0 29 78 34 35 65 66 20 70 1 0 ) ,4: (0 59 93 85 91 44 38 14 100 96 89 0 ) ,5: (0 62 7 48 47 36 49 64 63 32 0 ) ,6: (0 82 8 46 45 17 61 92 97 0 ) ,7: (0 94 13 2 57 41 74 58 0 ) ,
Rdp201.60;1vehc1pcs60perc;true;8660.16;8660.16;8627.67;8660.16;1.03852;0.291296;1.03849;3600;1;1: (0 5 83 45 47 63 64 11 90 10 20 70 1 0 ) ,2: (0 12 76 79 3 26 0 ) ,3: (0 21 75 23 67 55 74 0 ) ,4: (0 27 69 31 88 30 71 9 51 81 78 34 35 68 80 0 ) ,5: (0 42 15 57 87 6 0 ) ,6: (0 52 18 46 48 60 89 0 ) ,7: (0 92 98 14 38 44 16 86 85 84 17 91 93 0 ) ,
Rdp202.60;1vehc1pcs60perc;true;8650.41;8650.41;8593.1;8642.89;33.9713;1.14192;14.4548;3600;11;1: (0 40 21 73 2 87 57 43 97 58 0 ) ,2: (0 50 33 65 34 29 67 23 75 22 74 4 55 25 26 0 ) ,3: (0 52 7 48 36 49 32 70 1 0 ) ,4: (0 53 0 ) ,5: (0 76 78 81 9 90 20 66 35 80 0 ) ,6: (0 88 18 8 83 84 60 0 ) ,7: (0 95 92 42 85 61 16 44 38 86 99 93 59 96 0 ) ,
Rdp203.60;1vehc1pcs60perc;true;7242.49;7242.49;7167.97;7242.49;99.1853;7.37885;99.1851;3600;1;1: (0 2 57 42 15 14 38 44 16 91 99 97 87 100 93 96 0 ) ,2: (0 21 73 72 67 23 22 75 56 74 4 55 25 24 54 26 0 ) ,3: (0 69 33 76 50 51 20 71 9 78 3 68 80 77 28 0 ) ,4: (0 92 59 5 60 83 46 36 47 82 88 63 64 49 19 31 70 0 ) ,
Rdp204.60;1vehc1pcs60perc;true;6288.96;6288.96;6206.97;6288.96;1160.73;98.4841;1160.73;3600;1;1: (0 6 95 59 98 93 99 84 17 45 83 60 18 0 ) ,2: (0 27 69 31 88 10 30 51 33 76 77 0 ) ,3: (0 40 21 73 72 75 56 39 23 22 41 15 43 38 44 100 42 58 0 ) ,4: (0 52 7 48 19 11 64 63 32 66 65 71 35 78 79 29 24 54 55 4 26 0 ) ,5: (0 53 0 ) ,
Rdp205.60;1vehc1pcs60perc;true;7638.89;7638.89;7594.04;7638.89;5.2847;1.21235;5.28466;3600;1;1: (0 21 72 39 67 23 15 43 57 74 25 24 80 68 77 0 ) ,2: (0 27 82 7 62 11 64 90 9 71 35 66 32 10 70 0 ) ,3: (0 28 12 76 33 81 78 29 3 50 40 53 0 ) ,4: (0 59 92 42 14 38 86 44 98 99 96 6 0 ) ,5: (0 83 45 46 8 84 17 91 37 97 13 0 ) ,
Rdp206.60;1vehc1pcs60perc;true;7502.18;7502.18;7436.65;7502.18;33.5052;6.7258;33.5052;3600;1;1: (0 12 29 79 78 9 35 34 68 80 24 54 55 25 4 26 0 ) ,2: (0 40 87 99 91 44 16 86 17 5 93 98 100 43 13 0 ) ,3: (0 52 62 11 64 63 90 30 32 10 70 0 ) ,4: (0 83 45 48 47 36 46 82 18 0 ) ,5: (0 96 59 92 14 42 15 23 39 56 22 74 21 58 0 ) ,
Rdp207.60;1vehc1pcs60perc;true;6971.02;6971.02;6971.02;6971.02;36.924;36.9239;36.9239;3600;1;1: (0 26 39 67 23 22 74 21 0 ) ,2: (0 27 69 1 30 20 71 65 66 32 31 52 0 ) ,3: (0 28 76 12 54 24 29 34 78 81 79 3 77 0 ) ,4: (0 40 87 15 14 38 86 17 16 91 37 93 94 13 0 ) ,5: (0 89 18 83 45 82 7 88 62 11 36 49 19 48 8 84 60 6 0 ) ,
Rdp208.60;1vehc1pcs60perc;true;6468.72;6468.72;6433.74;6468.72;692.361;252.596;692.36;3600;1;1: (0 31 88 62 11 64 63 90 32 30 70 69 0 ) ,2: (0 76 33 81 9 51 20 66 65 71 35 34 78 24 68 12 26 0 ) ,3: (0 89 60 83 8 82 47 36 46 45 17 84 5 85 91 100 98 59 13 0 ) ,4: (0 92 37 14 38 43 15 57 87 2 41 23 4 74 21 40 0 ) ,
Rdp209.60;1vehc1pcs60perc;true;6916.72;6916.72;6876.96;6916.72;28.6521;2.98251;28.6521;3600;1;1: (0 2 73 72 22 41 75 56 23 67 39 25 54 80 0 ) ,2: (0 27 69 31 30 32 10 0 ) ,3: (0 28 76 33 81 71 65 34 78 3 50 1 0 ) ,4: (0 94 87 57 15 42 85 37 97 58 0 ) ,5: (0 95 59 98 16 61 5 83 8 82 7 47 19 64 49 36 46 45 17 84 60 96 0 ) ,
Rdp210.60;1vehc1pcs60perc;true;7203.47;7203.47;7198.83;7203.47;12.9862;9.62117;12.9862;3600;1;1: (0 2 57 15 73 72 39 67 56 22 41 43 100 93 0 ) ,2: (0 18 82 48 47 19 11 90 63 64 49 46 8 84 60 0 ) ,3: (0 26 12 76 3 79 29 24 54 80 68 77 0 ) ,4: (0 28 33 81 51 71 35 34 1 70 31 0 ) ,5: (0 95 92 59 85 16 44 38 14 87 97 94 13 0 ) ,
Rdp211.60;1vehc1pcs60perc;false;1.00E+11;6691.52;6599.43;6691.52;3600;24.5762;2541.94;3600;1;0
Cdp101.80;1vehc1pcs60perc;true;11482.1;11482.1;11457;11482.1;0.420279;0.269315;0.420237;3600;1;1: (0 5 3 7 8 10 11 9 6 0 ) ,2: (0 13 15 14 12 4 2 75 0 ) ,3: (0 20 24 25 27 29 30 28 26 23 22 0 ) ,4: (0 32 33 31 37 38 39 36 34 0 ) ,5: (0 43 41 40 44 46 45 51 50 52 49 0 ) ,6: (0 57 55 54 53 56 59 47 0 ) ,7: (0 65 63 62 74 72 64 68 66 69 0 ) ,8: (0 78 71 77 79 80 0 ) ,9: (0 90 87 86 83 84 85 89 91 0 ) ,10: (0 98 96 95 94 92 93 97 100 0 ) ,
Cdp102.80;1vehc1pcs60perc;true;11482.2;11482.2;11463;11482.2;1.69604;0.811462;1.69581;3600;1;1: (0 7 8 10 11 9 6 3 5 0 ) ,2: (0 13 18 19 15 16 14 12 0 ) ,3: (0 20 24 25 27 29 28 26 23 22 0 ) ,4: (0 32 33 31 35 38 37 36 0 ) ,5: (0 43 42 40 44 46 45 48 50 49 0 ) ,6: (0 57 55 54 53 58 60 59 47 0 ) ,7: (0 67 65 74 61 68 69 0 ) ,8: (0 81 78 76 70 73 77 79 80 0 ) ,9: (0 90 87 86 83 82 84 85 88 89 91 0 ) ,10: (0 98 95 96 94 97 100 99 2 0 ) ,
Cdp103.80;1vehc1pcs60perc;true;11492.95;11492.95;11466.1;11493;23.0959;5.29783;23.0957;3600;1;1: (0 13 17 18 19 15 16 14 12 0 ) ,2: (0 20 25 30 28 23 22 21 0 ) ,3: (0 32 35 37 38 39 36 34 29 24 0 ) ,4: (0 42 41 40 44 45 46 51 52 49 47 0 ) ,5: (0 65 63 62 74 72 61 64 66 69 0 ) ,6: (0 67 54 53 58 59 43 0 ) ,7: (0 75 1 2 9 6 4 7 3 5 0 ) ,8: (0 81 78 76 71 70 79 80 0 ) ,9: (0 90 87 83 82 85 88 0 ) ,10: (0 98 96 95 94 92 93 97 100 99 0 ) ,
Cdp104.80;1vehc1pcs60perc;true;11384.9;11384.9;11384.3;11384.9;78.539;48.2319;78.5388;3600;1;1: (0 3 7 8 11 9 6 4 2 1 75 0 ) ,2: (0 13 17 18 15 16 12 10 0 ) ,3: (0 22 24 27 29 30 28 26 23 0 ) ,4: (0 32 33 31 35 37 38 39 36 34 0 ) ,5: (0 42 44 45 46 48 50 52 49 47 0 ) ,6: (0 67 65 74 72 61 66 0 ) ,7: (0 68 54 53 59 40 41 43 0 ) ,8: (0 82 81 78 71 70 73 77 79 80 0 ) ,9: (0 90 87 86 85 88 89 91 0 ) ,10: (0 98 96 94 92 93 97 100 99 0 ) ,
Cdp105.80;1vehc1pcs60perc;true;11483.1;11483.1;11477.6;11483.1;0.458099;0.305872;0.457907;3600;1;1: (0 5 3 7 8 10 11 6 2 1 75 0 ) ,2: (0 17 18 19 16 14 12 4 0 ) ,3: (0 20 24 25 27 30 26 23 22 21 0 ) ,4: (0 32 33 31 35 37 38 39 36 0 ) ,5: (0 43 42 40 44 46 45 48 51 50 52 49 0 ) ,6: (0 57 55 54 53 58 59 68 0 ) ,7: (0 67 65 63 62 74 72 64 66 0 ) ,8: (0 81 70 73 77 80 0 ) ,9: (0 90 87 86 83 82 85 88 0 ) ,10: (0 98 96 95 94 93 97 100 99 0 ) ,
Cdp106.80;1vehc1pcs60perc;true;11231.7;11231.7;11214.4;11231.7;0.870308;0.416428;0.870261;3600;1;1: (0 5 3 7 8 11 9 6 4 2 1 75 0 ) ,2: (0 13 18 19 14 12 0 ) ,3: (0 20 24 27 29 30 28 26 23 22 21 0 ) ,4: (0 32 33 31 35 37 38 36 34 0 ) ,5: (0 43 42 41 40 44 46 47 0 ) ,6: (0 57 54 58 60 59 48 50 52 49 0 ) ,7: (0 67 65 63 62 74 72 61 64 0 ) ,8: (0 81 78 71 70 73 79 0 ) ,9: (0 90 87 83 84 85 88 89 91 0 ) ,10: (0 98 96 95 94 92 93 97 99 0 ) ,
Cdp107.80;1vehc1pcs60perc;true;11428;11428;11428;11428;0.581405;0.581337;0.581337;3600;1;1: (0 5 8 10 11 9 6 4 0 ) ,2: (0 13 17 18 15 16 14 12 0 ) ,3: (0 20 24 25 27 29 28 26 23 22 21 0 ) ,4: (0 32 31 35 37 38 36 34 0 ) ,5: (0 43 42 41 40 45 48 50 49 0 ) ,6: (0 55 54 53 56 58 60 59 68 0 ) ,7: (0 67 65 62 74 72 64 66 69 0 ) ,8: (0 81 78 71 70 73 77 79 80 0 ) ,9: (0 87 86 83 82 84 85 89 91 0 ) ,10: (0 98 96 95 94 92 93 100 99 1 0 ) ,
Cdp108.80;1vehc1pcs60perc;true;11780.9;11780.9;11750.6;11780.9;1.93474;1.05867;1.93452;3600;1;1: (0 5 3 7 8 10 11 6 4 2 1 75 0 ) ,2: (0 13 17 19 15 12 9 0 ) ,3: (0 20 24 30 28 26 23 22 21 0 ) ,4: (0 32 33 31 35 37 38 39 36 34 0 ) ,5: (0 43 42 41 40 45 48 50 52 49 0 ) ,6: (0 55 54 57 53 56 58 60 59 0 ) ,7: (0 63 62 74 72 68 66 0 ) ,8: (0 81 76 71 73 77 79 80 0 ) ,9: (0 90 87 86 83 85 88 89 91 0 ) ,10: (0 98 95 94 92 93 97 100 99 0 ) ,
Cdp109.80;1vehc1pcs60perc;true;11589.3;11589.3;11546;11589.3;3.21337;1.98805;3.21332;3600;1;1: (0 5 3 7 11 2 1 75 0 ) ,2: (0 13 17 18 19 12 14 0 ) ,3: (0 20 24 25 27 29 28 26 23 22 21 0 ) ,4: (0 32 33 31 35 38 36 34 0 ) ,5: (0 41 40 54 53 56 58 60 59 68 69 0 ) ,6: (0 43 42 44 46 51 50 52 49 47 0 ) ,7: (0 67 63 74 72 61 64 66 0 ) ,8: (0 81 78 71 70 73 77 79 0 ) ,9: (0 90 87 86 83 82 85 88 89 91 0 ) ,10: (0 98 96 94 92 93 97 100 99 0 ) ,
Cdp201.80;1vehc1pcs60perc;true;7824.24;7824.24;7824.04;7824.24;10.9716;7.67527;10.9714;3600;1;1: (0 5 75 2 1 99 100 97 92 95 98 7 3 4 89 91 90 0 ) ,2: (0 20 22 24 30 29 32 33 31 35 37 38 39 36 34 28 26 23 18 16 14 12 15 17 13 9 10 21 0 ) ,3: (0 67 63 62 74 72 61 64 68 65 49 55 53 58 60 59 57 40 44 46 45 51 52 47 43 41 48 0 ) ,4: (0 88 84 86 76 71 73 80 79 81 77 96 0 ) ,
Cdp202.80;1vehc1pcs60perc;true;7669.52;7669.52;7658.24;7669.52;86.3034;58.3466;86.3034;3600;1;1: (0 20 27 29 31 35 37 39 36 34 28 26 18 19 16 14 15 17 13 9 11 10 8 21 0 ) ,2: (0 67 63 62 74 72 64 66 69 68 65 49 55 54 56 58 59 57 40 44 51 50 52 47 43 48 0 ) ,3: (0 91 88 84 86 82 85 76 71 70 73 80 79 81 78 77 87 96 0 ) ,4: (0 93 5 75 2 1 99 100 92 95 98 7 3 4 89 90 0 ) ,
Cdp203.80;1vehc1pcs60perc;true;7760.09;7760.09;7750.42;7760.09;373.361;202.795;373.361;3600;1;1: (0 20 24 27 30 29 32 31 33 38 39 36 28 26 23 18 19 16 14 15 17 13 25 11 10 8 21 0 ) ,2: (0 67 62 74 72 61 64 66 49 54 56 58 60 59 57 40 44 46 51 50 52 47 42 41 48 0 ) ,3: (0 90 91 88 86 82 85 76 71 70 73 80 79 81 78 96 0 ) ,4: (0 93 5 75 2 1 99 100 97 92 94 95 98 7 4 89 0 ) ,
Cdp204.80;1vehc1pcs60perc;true;7688.38;7688.38;7683.23;7688.38;2993.93;2152.36;2993.93;3600;1;1: (0 20 22 27 30 29 6 32 33 31 35 37 39 36 28 23 18 19 14 15 17 13 25 11 10 8 0 ) ,2: (0 67 62 74 72 61 66 69 68 65 49 55 54 53 56 58 60 59 57 40 46 41 42 45 50 52 47 43 48 0 ) ,3: (0 90 86 84 83 82 85 76 71 70 73 80 78 77 96 0 ) ,4: (0 93 2 1 99 100 97 92 94 95 3 4 89 91 0 ) ,
Cdp205.80;1vehc1pcs60perc;true;7768.65;7768.65;7768.65;7768.65;17.574;17.5737;17.5737;3600;1;1: (0 20 24 30 29 6 32 33 31 35 38 37 34 28 26 23 18 19 16 15 17 13 25 9 11 10 8 21 0 ) ,2: (0 62 72 61 64 66 69 68 55 54 53 56 58 60 59 57 40 46 45 51 50 52 47 43 41 48 0 ) ,3: (0 86 84 83 82 85 76 71 70 73 80 78 77 87 96 0 ) ,4: (0 93 5 75 1 99 100 92 95 98 3 4 89 91 90 0 ) ,
Cdp206.80;1vehc1pcs60perc;true;7772.36;7772.36;7772.36;7772.36;26.3526;26.3523;26.3523;3600;1;1: (0 20 22 24 27 30 29 6 31 32 33 37 38 36 34 26 18 19 14 12 15 17 13 25 9 10 21 0 ) ,2: (0 67 63 62 74 72 61 64 66 69 68 49 55 54 53 58 60 59 57 40 44 46 45 51 50 52 47 42 41 43 0 ) ,3: (0 93 2 1 99 100 92 94 98 7 3 4 86 84 83 82 85 76 71 73 80 79 81 78 77 87 0 ) ,
Cdp207.80;1vehc1pcs60perc;true;7886.97;7886.97;7867.57;7886.97;72.2889;49.0182;72.2878;3600;1;1: (0 20 22 30 6 31 32 33 37 38 36 34 28 23 17 18 19 16 12 15 13 25 11 10 8 21 0 ) ,2: (0 63 62 74 72 61 64 66 69 68 49 55 54 53 56 58 60 59 57 40 44 46 51 50 47 42 41 43 48 0 ) ,3: (0 93 1 99 100 97 94 98 7 3 4 89 91 88 86 84 83 82 85 76 70 80 79 81 78 96 87 90 0 ) ,
Cdp208.80;1vehc1pcs60perc;true;7739;7739;7739;7739;59.1326;59.1325;59.1325;3600;1;1: (0 20 22 24 27 30 29 6 33 35 36 39 28 26 23 18 19 16 14 12 15 17 13 25 9 11 8 0 ) ,2: (0 67 63 74 62 66 69 61 64 65 49 54 53 56 58 60 59 57 40 44 46 51 50 52 47 42 41 0 ) ,3: (0 91 88 86 82 85 76 70 73 80 81 78 77 87 90 0 ) ,4: (0 93 5 75 2 1 99 100 97 92 94 95 98 4 89 0 ) ,
RCdp101.80;1vehc1pcs60perc;true;17214.4;17214.4;16927.3;17214.4;1.81433;0.390372;1.81415;3600;1;1: (0 5 45 2 7 6 8 3 1 70 0 ) ,2: (0 14 47 12 73 79 46 4 100 0 ) ,3: (0 33 28 31 30 26 34 0 ) ,4: (0 42 39 38 44 40 43 37 35 0 ) ,5: (0 59 87 97 58 77 0 ) ,6: (0 61 81 41 54 96 0 ) ,7: (0 63 76 51 84 56 0 ) ,8: (0 64 19 49 20 24 0 ) ,9: (0 65 99 86 57 66 0 ) ,10: (0 82 11 15 16 13 0 ) ,11: (0 83 23 21 18 48 25 0 ) ,12: (0 90 0 ) ,13: (0 92 62 67 71 93 80 0 ) ,14: (0 98 88 78 53 55 68 0 ) ,
RCdp102.80;1vehc1pcs60perc;true;17406.6;17406.6;17046.8;17385.9;8.51466;0.807386;6.36619;3600;5;1: (0 2 45 8 7 6 46 4 3 1 100 0 ) ,2: (0 12 14 47 16 15 9 13 82 0 ) ,3: (0 31 27 29 84 56 0 ) ,4: (0 39 36 38 44 40 43 35 37 0 ) ,5: (0 50 33 28 30 89 0 ) ,6: (0 64 87 59 97 75 77 0 ) ,7: (0 65 99 57 86 74 0 ) ,8: (0 81 41 54 96 0 ) ,9: (0 83 23 19 49 22 20 66 0 ) ,10: (0 90 53 55 0 ) ,11: (0 92 62 67 71 93 94 80 0 ) ,12: (0 95 63 76 18 21 25 24 0 ) ,13: (0 98 73 79 78 60 0 ) ,
RCdp103.80;1vehc1pcs60perc;true;15495.5;15495.5;15323.7;15495.5;20.1356;3.92339;20.1354;3600;1;1: (0 2 45 8 7 6 4 5 3 1 100 0 ) ,2: (0 42 36 44 41 40 37 72 54 81 0 ) ,3: (0 50 27 26 30 28 31 34 71 93 96 0 ) ,4: (0 65 57 23 21 18 19 49 25 20 83 0 ) ,5: (0 68 70 0 ) ,6: (0 69 53 10 13 17 47 14 0 ) ,7: (0 82 15 16 9 87 74 86 90 0 ) ,8: (0 85 63 89 76 51 56 66 0 ) ,9: (0 88 78 79 73 60 0 ) ,10: (0 91 92 95 62 67 94 80 0 ) ,11: (0 99 59 75 58 77 0 ) ,
RCdp104.80;1vehc1pcs60perc;true;14634;14634;14222.6;14634;366.208;17.2176;366.208;3600;1;1: (0 11 15 16 17 47 14 82 90 0 ) ,2: (0 42 43 40 36 35 37 39 0 ) ,3: (0 51 89 76 63 84 66 0 ) ,4: (0 64 20 18 48 23 25 24 83 0 ) ,5: (0 69 98 53 9 13 86 52 65 0 ) ,6: (0 70 1 3 5 45 46 4 2 100 68 0 ) ,7: (0 80 92 95 62 67 94 93 71 41 54 81 0 ) ,8: (0 88 78 73 79 7 6 55 0 ) ,9: (0 96 34 29 27 26 28 30 32 33 85 0 ) ,10: (0 99 87 97 75 77 0 ) ,
RCdp105.80;1vehc1pcs60perc;true;16672.4;16672.4;16538.5;16672.4;3.83867;0.714584;3.83848;3600;1;1: (0 7 45 1 3 8 6 2 70 100 0 ) ,2: (0 12 14 16 15 9 13 17 0 ) ,3: (0 19 23 18 22 49 20 77 0 ) ,4: (0 39 36 44 38 40 35 37 0 ) ,5: (0 63 85 51 76 89 48 21 25 24 0 ) ,6: (0 65 99 52 86 57 0 ) ,7: (0 69 88 78 73 60 0 ) ,8: (0 71 94 95 84 56 66 0 ) ,9: (0 81 41 72 54 96 80 0 ) ,10: (0 82 11 87 59 97 58 0 ) ,11: (0 90 53 98 55 68 0 ) ,12: (0 92 29 28 30 32 31 34 93 0 ) ,
RCdp106.80;1vehc1pcs60perc;true;16178.9;16178.9;15948.5;16178.9;11.2963;1.02905;11.2963;3600;1;1: (0 14 47 16 15 11 10 53 0 ) ,2: (0 33 30 29 26 28 32 34 93 0 ) ,3: (0 45 5 8 7 6 46 4 3 1 100 0 ) ,4: (0 52 9 75 58 77 74 0 ) ,5: (0 64 19 23 21 18 48 49 24 0 ) ,6: (0 69 98 88 78 73 79 60 0 ) ,7: (0 72 38 41 42 44 40 35 37 43 70 0 ) ,8: (0 81 71 96 54 68 0 ) ,9: (0 82 99 57 86 87 97 13 17 0 ) ,10: (0 90 0 ) ,11: (0 92 62 50 84 91 0 ) ,12: (0 95 85 63 76 89 0 ) ,
RCdp107.80;1vehc1pcs60perc;true;15109.9;15109.9;14860.6;15109.9;98.6273;4.85613;98.6241;3600;1;1: (0 2 6 7 8 46 4 3 70 100 0 ) ,2: (0 31 29 27 28 26 34 30 32 33 0 ) ,3: (0 39 38 35 36 40 43 42 41 0 ) ,4: (0 64 22 25 23 21 48 49 20 24 66 0 ) ,5: (0 65 52 86 74 57 0 ) ,6: (0 72 71 93 67 62 94 96 54 0 ) ,7: (0 82 11 14 47 17 16 15 13 9 10 0 ) ,8: (0 87 59 75 97 58 77 0 ) ,9: (0 92 95 84 51 63 76 89 56 80 0 ) ,10: (0 98 53 73 60 55 68 0 ) ,
RCdp108.80;1vehc1pcs60perc;true;13983;13983;13788;13912;2548.12;14.1428;253.457;3600;165;1: (0 52 99 57 86 87 75 77 74 0 ) ,2: (0 61 38 35 36 40 44 41 72 54 0 ) ,3: (0 62 33 32 30 26 27 29 31 34 0 ) ,4: (0 64 51 89 63 85 84 95 56 91 0 ) ,5: (0 65 90 0 ) ,6: (0 69 98 53 11 9 13 16 15 17 47 14 0 ) ,7: (0 70 1 3 45 4 8 6 2 100 68 0 ) ,8: (0 83 25 23 21 48 18 19 49 20 24 66 0 ) ,9: (0 88 60 79 73 78 12 10 0 ) ,10: (0 94 67 71 96 0 ) ,
RCdp201.80;1vehc1pcs60perc;true;12454.7;12454.7;12321.4;12454.7;6.47027;1.27087;6.47022;3600;1;1: (0 5 45 2 6 7 8 4 1 70 0 ) ,2: (0 14 16 15 11 9 10 17 13 74 0 ) ,3: (0 52 83 64 19 23 21 18 76 85 84 56 0 ) ,4: (0 59 87 86 99 57 22 20 49 48 25 77 58 0 ) ,5: (0 61 81 67 94 96 93 80 0 ) ,6: (0 69 98 88 78 73 79 55 68 0 ) ,7: (0 72 39 42 44 41 38 40 43 35 37 54 0 ) ,8: (0 90 0 ) ,9: (0 95 63 33 31 29 30 28 26 34 50 32 89 0 ) ,
RCdp202.80;1vehc1pcs60perc;true;11372.4;11372.4;11267.6;11372.4;11.9303;3.5628;11.9301;3600;1;1: (0 14 47 16 15 11 9 10 17 12 0 ) ,2: (0 45 3 1 42 36 44 41 38 40 43 35 72 54 93 0 ) ,3: (0 65 64 23 21 19 49 22 20 66 0 ) ,4: (0 69 98 53 73 78 79 7 8 4 2 55 100 70 0 ) ,5: (0 81 61 68 0 ) ,6: (0 90 99 52 57 86 87 59 97 75 58 77 0 ) ,7: (0 94 50 33 26 27 29 31 34 32 89 95 80 0 ) ,8: (0 96 71 67 62 85 76 51 84 56 0 ) ,
RCdp203.80;1vehc1pcs60perc;true;9572.91;9572.91;9510.48;9572.91;445.795;261.135;445.795;3600;1;1: (0 1 3 5 45 46 7 6 4 100 70 0 ) ,2: (0 61 42 39 36 43 44 41 38 40 35 37 72 54 96 93 94 80 0 ) ,3: (0 64 20 23 21 48 18 19 49 22 24 25 77 75 58 57 83 0 ) ,4: (0 65 82 14 47 16 15 11 9 87 13 74 86 52 90 0 ) ,5: (0 88 60 79 73 78 53 55 68 0 ) ,6: (0 91 92 34 31 29 27 26 28 33 89 76 85 84 56 66 0 ) ,
RCdp204.80;1vehc1pcs60perc;false;1.00E+11;8634.64;8545.19;8634.64;3600;866.193;3316.11;3600;1;0
RCdp205.80;1vehc1pcs60perc;true;11079.9;11079.9;11063.7;11073.6;12.403;3.94369;5.14463;3600;7;1: (0 64 51 76 84 56 91 66 0 ) ,2: (0 65 83 23 21 48 49 22 20 25 77 58 0 ) ,3: (0 69 88 78 73 79 7 8 46 1 2 100 0 ) ,4: (0 72 36 39 42 44 40 38 37 35 43 54 0 ) ,5: (0 82 12 14 47 16 15 11 9 53 98 55 0 ) ,6: (0 90 99 52 57 86 87 59 75 97 13 17 60 0 ) ,7: (0 92 95 33 28 29 27 26 32 34 93 0 ) ,8: (0 94 62 67 71 81 61 68 0 ) ,
RCdp206.80;1vehc1pcs60perc;true;10647.4;10647.4;10498.2;10647.4;75.8375;14.5883;75.8373;3600;1;1: (0 61 72 38 39 41 44 40 35 43 70 68 0 ) ,2: (0 65 83 64 19 23 21 18 51 85 84 67 94 71 93 54 0 ) ,3: (0 82 12 14 47 16 75 59 87 9 11 15 17 60 4 55 0 ) ,4: (0 90 99 52 57 86 74 49 20 24 48 89 91 80 0 ) ,5: (0 92 95 62 33 30 31 29 28 26 32 34 50 56 66 0 ) ,6: (0 98 88 2 45 5 3 46 8 7 79 78 53 0 ) ,
RCdp207.80;1vehc1pcs60perc;true;10028.2;10028.2;9940.46;10028.2;179.597;39.9654;179.597;3600;1;1: (0 61 70 2 8 5 3 1 45 46 6 60 55 0 ) ,2: (0 63 30 28 27 29 31 34 32 33 89 91 0 ) ,3: (0 64 22 21 18 76 51 85 84 62 67 94 80 0 ) ,4: (0 69 88 79 78 14 47 17 16 15 11 10 9 74 57 65 0 ) ,5: (0 82 99 52 86 59 75 97 58 77 25 48 20 24 66 0 ) ,6: (0 90 0 ) ,7: (0 93 71 72 41 44 40 36 35 37 38 39 43 42 54 96 0 ) ,
RCdp208.80;1vehc1pcs60perc;false;1.00E+11;8253.23;8228.95;8253.23;3600;2231.15;3390.64;3600;1;0
Rdp101.80;1vehc1pcs60perc;true;15824;15824;15822.1;15824;0.175039;0.139124;0.174889;3600;1;1: (0 2 75 22 74 0 ) ,2: (0 5 83 18 84 60 89 0 ) ,3: (0 14 44 16 86 17 0 ) ,4: (0 21 73 41 54 0 ) ,5: (0 27 69 30 51 50 0 ) ,6: (0 28 12 79 3 68 80 0 ) ,7: (0 33 29 78 34 35 77 0 ) ,8: (0 36 47 19 10 0 ) ,9: (0 40 53 0 ) ,10: (0 45 82 8 46 48 0 ) ,11: (0 52 88 7 0 ) ,12: (0 62 11 90 20 1 0 ) ,13: (0 65 71 9 66 70 0 ) ,14: (0 72 23 67 55 4 25 0 ) ,15: (0 92 42 15 43 0 ) ,16: (0 94 97 13 0 ) ,17: (0 95 98 99 85 37 91 100 0 ) ,
Rdp102.80;1vehc1pcs60perc;true;15289;15289;15286;15289;0.891253;0.653559;0.891201;3600;1;1: (0 2 41 54 24 80 12 0 ) ,2: (0 18 6 0 ) ,3: (0 27 69 30 81 66 1 0 ) ,4: (0 28 73 22 75 56 74 21 0 ) ,5: (0 31 62 88 90 10 32 70 0 ) ,6: (0 39 23 67 55 4 26 0 ) ,7: (0 42 44 16 86 17 93 96 0 ) ,8: (0 50 33 79 68 77 0 ) ,9: (0 52 7 47 19 8 83 0 ) ,10: (0 63 64 49 48 82 0 ) ,11: (0 65 71 78 34 35 0 ) ,12: (0 87 57 97 13 0 ) ,13: (0 94 59 98 85 61 84 60 89 0 ) ,14: (0 95 14 38 43 100 37 0 ) ,
Rdp103.80;1vehc1pcs60perc;true;13607.2;13607.2;13558;13607.2;8.6892;2.20218;8.68901;3600;1;1: (0 26 39 75 41 74 72 73 58 0 ) ,2: (0 27 69 30 9 35 34 81 0 ) ,3: (0 28 76 24 55 4 25 54 0 ) ,4: (0 33 79 3 68 80 12 0 ) ,5: (0 36 64 49 19 7 0 ) ,6: (0 40 53 0 ) ,7: (0 43 14 44 38 86 16 91 100 0 ) ,8: (0 62 11 63 32 10 70 0 ) ,9: (0 71 65 66 51 77 0 ) ,10: (0 83 45 8 46 47 48 82 18 0 ) ,11: (0 89 60 84 17 61 93 0 ) ,12: (0 92 42 87 97 95 0 ) ,13: (0 94 96 59 98 85 99 6 0 ) ,
Rdp104.80;1vehc1pcs60perc;true;11333.3;11333.3;11274.9;11333.3;66.1424;20.0372;66.1422;3600;1;1: (0 27 69 51 9 20 32 10 70 1 0 ) ,2: (0 31 88 62 11 49 36 47 48 7 52 0 ) ,3: (0 42 43 15 41 22 75 4 21 0 ) ,4: (0 50 33 81 71 65 35 34 78 3 77 0 ) ,5: (0 53 0 ) ,6: (0 73 72 56 23 67 39 55 25 26 0 ) ,7: (0 76 79 29 24 68 80 12 28 0 ) ,8: (0 89 8 46 45 17 5 6 0 ) ,9: (0 94 95 97 87 57 2 58 0 ) ,10: (0 96 59 93 85 44 16 84 61 91 100 37 0 ) ,
Rdp105.80;1vehc1pcs60perc;true;14157.5;14157.5;14031.1;14145.2;7.70536;0.435361;2.56739;3600;29;1: (0 2 73 75 22 41 56 74 58 0 ) ,2: (0 5 83 82 8 46 0 ) ,3: (0 6 94 96 0 ) ,4: (0 27 52 88 7 18 0 ) ,5: (0 28 12 54 26 0 ) ,6: (0 31 30 9 66 20 1 0 ) ,7: (0 33 81 79 78 34 35 77 0 ) ,8: (0 42 14 44 38 86 37 97 0 ) ,9: (0 47 36 64 49 48 0 ) ,10: (0 53 0 ) ,11: (0 62 19 11 90 10 70 0 ) ,12: (0 72 39 23 67 25 0 ) ,13: (0 76 50 3 68 80 0 ) ,14: (0 92 59 85 61 84 60 89 0 ) ,15: (0 95 87 57 43 100 91 0 ) ,
Rdp106.80;1vehc1pcs60perc;true;13866.1;13866.1;13805.1;13866.1;5.80895;1.28287;5.8089;3600;1;1: (0 5 45 8 18 0 ) ,2: (0 26 23 67 55 25 0 ) ,3: (0 27 69 30 51 9 35 34 3 77 0 ) ,4: (0 28 29 81 79 68 24 80 0 ) ,5: (0 31 63 62 88 90 10 0 ) ,6: (0 40 87 97 37 98 93 96 0 ) ,7: (0 42 15 43 2 58 0 ) ,8: (0 48 47 36 19 49 46 7 52 0 ) ,9: (0 50 33 65 66 20 32 70 0 ) ,10: (0 53 0 ) ,11: (0 59 85 91 16 61 99 6 0 ) ,12: (0 73 41 22 75 56 74 72 21 0 ) ,13: (0 95 44 38 86 17 60 0 ) ,
Rdp107.80;1vehc1pcs60perc;true;12431.9;12431.9;12375.7;12431.9;9.81862;3.45399;9.81748;3600;1;1: (0 18 83 45 84 17 61 5 89 0 ) ,2: (0 21 72 39 23 56 55 4 54 26 0 ) ,3: (0 27 88 30 20 66 35 77 0 ) ,4: (0 28 76 79 78 29 24 68 80 12 0 ) ,5: (0 31 62 11 64 10 90 32 70 0 ) ,6: (0 33 81 65 71 9 51 1 0 ) ,7: (0 40 22 41 74 73 2 58 0 ) ,8: (0 42 15 43 38 86 16 91 100 37 97 0 ) ,9: (0 48 47 36 46 8 82 7 52 0 ) ,10: (0 94 95 92 59 99 6 13 0 ) ,
Rdp108.80;1vehc1pcs60perc;true;11245.2;11245.2;11102;11198.4;3246.23;31.2087;641.133;3600;115;1: (0 18 82 48 46 8 83 60 89 0 ) ,2: (0 27 69 70 51 9 81 33 50 0 ) ,3: (0 28 76 68 80 29 24 55 54 12 26 0 ) ,4: (0 31 10 32 66 71 35 34 3 77 0 ) ,5: (0 41 22 75 23 67 39 4 73 40 0 ) ,6: (0 53 87 13 58 0 ) ,7: (0 57 43 14 44 38 86 16 91 100 37 97 0 ) ,8: (0 62 11 64 49 36 47 19 7 0 ) ,9: (0 94 95 92 59 99 5 84 17 61 85 98 96 6 0 ) ,
Rdp109.80;1vehc1pcs60perc;true;13282.8;13282.8;13143.3;13259.4;20.5921;1.08728;8.73992;3600;19;1: (0 2 72 23 67 39 25 55 4 0 ) ,2: (0 5 83 45 84 61 86 17 60 89 0 ) ,3: (0 6 94 87 97 13 0 ) ,4: (0 12 29 24 54 80 68 77 0 ) ,5: (0 27 69 31 88 52 0 ) ,6: (0 30 71 65 35 66 1 0 ) ,7: (0 40 21 73 22 41 74 58 0 ) ,8: (0 42 14 38 43 57 0 ) ,9: (0 62 11 64 63 90 10 70 0 ) ,10: (0 76 33 79 78 34 50 0 ) ,11: (0 82 47 19 49 36 46 0 ) ,12: (0 95 59 99 85 98 37 100 93 96 0 ) ,
Rdp110.80;1vehc1pcs60perc;true;12918.7;12918.7;12714.5;12887.8;173.091;3.01384;45.1664;3600;49;1: (0 5 45 8 47 19 11 10 0 ) ,2: (0 12 80 68 24 54 0 ) ,3: (0 27 31 63 64 49 36 46 48 0 ) ,4: (0 28 26 53 0 ) ,5: (0 35 71 65 66 20 32 70 1 0 ) ,6: (0 40 21 72 56 39 67 25 4 0 ) ,7: (0 52 88 7 82 18 89 0 ) ,8: (0 73 22 41 15 57 58 0 ) ,9: (0 76 33 51 81 34 78 50 0 ) ,10: (0 94 87 97 96 6 0 ) ,11: (0 95 14 44 38 86 17 84 60 0 ) ,12: (0 99 98 85 61 16 91 100 37 13 0 ) ,
Rdp111.80;1vehc1pcs60perc;true;12800;12800;12570.9;12768.7;707.726;6.72469;235.71;3600;67;1: (0 6 99 93 85 91 98 37 59 0 ) ,2: (0 7 19 64 49 36 46 47 48 82 0 ) ,3: (0 18 83 8 84 17 5 60 0 ) ,4: (0 21 72 75 67 39 56 73 0 ) ,5: (0 27 31 88 62 11 63 90 10 52 0 ) ,6: (0 28 76 3 79 68 80 24 54 26 0 ) ,7: (0 42 15 41 22 40 0 ) ,8: (0 50 33 81 65 66 20 32 0 ) ,9: (0 53 0 ) ,10: (0 78 34 9 51 1 0 ) ,11: (0 92 61 16 86 38 14 43 57 2 0 ) ,12: (0 94 95 87 13 0 ) ,
Rdp112.80;1vehc1pcs60perc;true;11472.9;11472.9;11328.3;11460.2;659.538;23.5168;471.754;3600;7;1: (0 5 61 16 44 38 14 91 100 92 97 13 0 ) ,2: (0 28 76 3 68 80 29 24 54 26 0 ) ,3: (0 31 88 62 19 49 64 63 90 32 70 0 ) ,4: (0 40 21 73 75 56 23 67 25 4 0 ) ,5: (0 52 7 82 48 47 36 46 8 45 17 60 0 ) ,6: (0 69 30 51 9 81 33 50 0 ) ,7: (0 78 34 35 65 66 20 1 0 ) ,8: (0 87 2 57 15 41 74 72 58 0 ) ,9: (0 94 59 85 93 99 96 6 89 0 ) ,
Rdp201.80;1vehc1pcs60perc;true;10402.4;10402.4;10377.6;10394.9;5.37588;1.85162;3.03577;3600;7;1: (0 5 83 45 82 47 36 64 11 90 10 70 1 0 ) ,2: (0 21 75 23 67 55 4 74 0 ) ,3: (0 27 69 33 81 79 78 34 3 68 26 0 ) ,4: (0 28 76 12 40 73 41 57 87 6 53 0 ) ,5: (0 31 63 30 71 9 51 20 66 35 77 80 0 ) ,6: (0 52 88 7 18 8 46 48 0 ) ,7: (0 59 98 14 38 44 16 86 85 99 84 17 60 89 0 ) ,8: (0 95 92 42 15 43 97 37 100 91 93 0 ) ,
Rdp202.80;1vehc1pcs60perc;true;10501.7;10501.7;10430.9;10498.8;81.1938;5.11387;60.4885;3600;5;1: (0 27 52 7 48 36 19 62 88 18 8 84 5 6 0 ) ,2: (0 29 78 81 9 20 66 35 34 68 80 77 0 ) ,3: (0 40 73 41 22 74 72 21 58 0 ) ,4: (0 42 15 75 23 67 4 54 55 25 26 0 ) ,5: (0 50 33 65 63 64 49 46 83 60 0 ) ,6: (0 53 87 2 57 43 100 37 93 96 0 ) ,7: (0 76 1 30 90 10 32 70 0 ) ,8: (0 95 92 85 61 16 44 38 86 91 99 59 97 13 0 ) ,
Rdp203.80;1vehc1pcs60perc;true;8662.42;8662.42;8537.81;8662.42;467.987;38.8146;467.986;3600;1;1: (0 21 73 72 67 23 22 75 56 74 4 55 25 24 54 26 0 ) ,2: (0 28 76 3 79 78 81 9 35 34 29 68 80 77 0 ) ,3: (0 40 2 57 87 13 97 100 93 5 83 60 89 0 ) ,4: (0 50 33 51 71 65 20 30 69 31 88 0 ) ,5: (0 52 82 48 46 36 47 19 64 49 63 90 70 1 0 ) ,6: (0 94 95 59 92 42 15 43 14 38 44 16 91 85 99 96 6 53 0 ) ,
Rdp204.80;1vehc1pcs60perc;false;1.00E+11;7561.87;7519.29;7561.87;3600;601.63;3548.03;3600;1;0
Rdp205.80;1vehc1pcs60perc;true;9249.35;9249.35;9172.79;9249.35;70.3292;6.72629;70.3291;3600;1;1: (0 21 72 75 39 67 23 41 22 74 43 91 100 37 97 13 0 ) ,2: (0 27 69 71 65 66 20 9 35 34 3 50 0 ) ,3: (0 28 12 76 33 81 78 29 24 25 55 54 80 68 77 0 ) ,4: (0 40 2 15 57 87 99 96 6 53 0 ) ,5: (0 83 45 82 7 88 62 19 11 64 90 32 10 70 0 ) ,6: (0 95 59 92 98 42 14 44 38 86 16 61 84 8 46 48 17 60 89 0 ) ,
Rdp206.80;1vehc1pcs60perc;true;8520.24;8520.24;8415.52;8520.24;442.623;28.6003;442.623;3600;1;1: (0 6 96 99 85 16 86 38 43 100 98 93 17 5 60 89 0 ) ,2: (0 21 39 23 22 74 56 4 25 55 24 54 26 0 ) ,3: (0 27 31 88 62 11 63 64 90 30 32 10 70 1 0 ) ,4: (0 53 40 58 0 ) ,5: (0 76 50 33 79 29 78 81 9 35 34 3 68 80 12 0 ) ,6: (0 83 45 82 48 47 36 46 8 18 52 0 ) ,7: (0 94 59 92 37 91 44 14 42 15 57 87 97 13 0 ) ,
Rdp207.80;1vehc1pcs60perc;false;1.00E+11;7989.58;7936.55;7989.58;3600;155.719;2323.95;3600;1;0
Rdp208.80;1vehc1pcs60perc;false;1.00E+11;7638.48;7557.85;7638.48;3600;883.725;2930.49;3600;1;0
Rdp209.80;1vehc1pcs60perc;true;8216.91;8216.91;8125.85;8216.91;68.9312;14.2061;68.931;3600;1;1: (0 2 73 21 72 75 23 67 25 39 56 74 22 41 15 57 58 0 ) ,2: (0 27 69 30 31 88 62 19 47 36 49 64 11 10 90 32 20 50 1 0 ) ,3: (0 28 12 76 33 81 71 65 35 9 34 78 79 3 77 80 54 26 0 ) ,4: (0 52 7 82 83 18 8 46 45 17 84 60 89 0 ) ,5: (0 95 59 98 85 93 5 61 16 86 44 42 87 94 97 37 96 6 0 ) ,
Rdp210.80;1vehc1pcs60perc;true;8448.27;8448.27;8415.99;8448.27;233.924;80.3847;233.924;3600;1;1: (0 2 57 15 43 41 22 73 72 74 75 56 4 26 0 ) ,2: (0 18 7 82 48 47 36 46 8 83 60 5 84 17 91 100 37 93 0 ) ,3: (0 27 69 31 62 11 64 49 19 63 90 32 70 1 0 ) ,4: (0 28 76 12 39 67 54 24 29 68 80 0 ) ,5: (0 50 33 79 78 81 51 9 71 35 34 3 77 0 ) ,6: (0 59 92 98 85 61 16 44 38 14 87 97 95 94 13 58 0 ) ,
Rdp211.80;1vehc1pcs60perc;false;1.00E+11;7715.24;7636.66;7715.24;3600;131.588;3221.84;3600;1;0
Cdp101;1vehc1pcs60perc;true;14141;14141;13279.8;14140.2;60.2451;0.416247;38.5298;3600;5;1: (0 3 97 100 99 2 1 75 101 ) ,2: (0 5 7 8 10 11 9 6 4 101 ) ,3: (0 13 17 18 19 15 16 14 12 101 ) ,4: (0 20 46 45 48 51 50 52 49 47 101 ) ,5: (0 24 25 27 29 30 28 26 23 22 21 101 ) ,6: (0 32 33 31 35 37 38 39 36 34 101 ) ,7: (0 43 42 41 40 44 68 69 101 ) ,8: (0 57 55 54 53 56 58 60 59 101 ) ,9: (0 67 65 63 62 74 72 61 64 66 101 ) ,10: (0 81 78 76 71 70 73 77 79 80 101 ) ,11: (0 90 87 86 83 82 84 85 89 101 ) ,12: (0 98 96 95 94 92 93 88 91 101 ) ,
Cdp102;1vehc1pcs60perc;true;13920.9;13920.9;13191.2;13882.5;1703.43;3.98257;289.659;3600;91;1: (0 7 8 10 11 9 6 4 3 101 ) ,2: (0 13 17 18 19 15 16 14 12 101 ) ,3: (0 20 24 29 31 52 49 47 101 ) ,4: (0 21 25 27 30 28 26 23 22 101 ) ,5: (0 32 33 35 37 38 39 36 34 101 ) ,6: (0 43 42 41 40 44 46 45 48 51 50 101 ) ,7: (0 57 55 54 53 56 58 60 59 101 ) ,8: (0 67 65 63 62 74 61 64 68 66 69 101 ) ,9: (0 75 99 2 1 5 101 ) ,10: (0 81 78 76 71 70 73 77 79 80 72 101 ) ,11: (0 90 87 86 83 82 84 85 88 89 91 101 ) ,12: (0 95 94 92 93 97 100 96 98 101 ) ,
Cdp103;1vehc1pcs60perc;true;13329.8;13329.8;12983.4;13293.1;707.011;16.1717;209.669;3600;29;1: (0 7 8 10 11 9 6 4 2 1 101 ) ,2: (0 13 17 18 19 15 16 14 12 101 ) ,3: (0 20 24 25 27 29 30 28 26 23 22 21 101 ) ,4: (0 32 33 31 35 37 38 39 36 34 101 ) ,5: (0 43 42 41 40 68 69 101 ) ,6: (0 47 46 44 45 48 51 50 52 49 101 ) ,7: (0 57 55 54 53 56 58 60 59 101 ) ,8: (0 67 65 63 62 74 72 61 64 66 101 ) ,9: (0 81 78 76 71 70 73 77 79 80 82 83 86 101 ) ,10: (0 90 87 84 85 88 89 91 75 3 5 101 ) ,11: (0 98 96 95 94 92 93 97 100 99 101 ) ,
Cdp104;1vehc1pcs60perc;true;13022.2;13022.2;12854.6;13022.2;3362.32;68.0375;3362.32;3600;1;1: (0 3 7 8 11 9 6 4 2 1 75 101 ) ,2: (0 13 17 18 19 15 16 14 12 10 101 ) ,3: (0 20 24 25 27 29 30 28 26 23 22 21 101 ) ,4: (0 32 33 31 35 37 38 39 36 34 101 ) ,5: (0 41 40 44 42 43 101 ) ,6: (0 46 45 48 51 50 52 49 47 101 ) ,7: (0 57 55 54 53 56 58 60 59 101 ) ,8: (0 67 63 62 74 72 61 64 68 66 69 101 ) ,9: (0 81 78 76 71 70 73 77 79 80 65 101 ) ,10: (0 91 87 86 83 82 84 85 88 89 90 101 ) ,11: (0 96 95 94 92 93 97 100 99 98 5 101 ) ,
Cdp105;1vehc1pcs60perc;true;14498.5;14498.5;13324.9;14400.1;563.683;0.679794;35.6373;3600;137;1: (0 5 3 7 8 10 11 9 6 4 101 ) ,2: (0 13 17 18 19 15 16 14 12 101 ) ,3: (0 20 24 25 27 29 30 28 26 23 22 21 101 ) ,4: (0 32 33 31 35 37 38 39 36 34 101 ) ,5: (0 41 40 61 64 68 66 69 101 ) ,6: (0 43 42 44 46 45 48 51 50 52 49 47 101 ) ,7: (0 57 55 54 53 56 58 60 59 101 ) ,8: (0 67 65 63 62 74 72 80 101 ) ,9: (0 81 78 76 71 70 73 77 79 101 ) ,10: (0 90 87 86 83 82 84 85 88 89 91 101 ) ,11: (0 96 95 94 92 93 97 100 99 101 ) ,12: (0 98 2 1 75 101 ) ,
Cdp106;1vehc1pcs60perc;true;13215.6;13215.6;13004.6;13215.6;7.02971;1.42662;7.0295;3600;1;1: (0 5 3 7 8 10 11 9 6 4 2 75 101 ) ,2: (0 13 17 18 19 15 16 14 12 101 ) ,3: (0 20 24 25 27 29 30 28 26 23 22 21 101 ) ,4: (0 32 33 31 35 37 38 39 36 34 101 ) ,5: (0 43 42 44 45 48 51 50 52 101 ) ,6: (0 57 55 54 53 56 58 60 59 101 ) ,7: (0 63 62 74 72 61 64 68 66 69 101 ) ,8: (0 65 67 41 40 46 49 47 101 ) ,9: (0 81 78 76 71 70 73 77 79 80 101 ) ,10: (0 90 87 86 83 82 84 85 88 89 91 101 ) ,11: (0 98 96 95 94 92 93 97 100 99 1 101 ) ,
Cdp107;1vehc1pcs60perc;true;13441.4;13441.4;13062.5;13441.4;28.4503;1.02403;28.45;3600;1;1: (0 5 3 7 8 101 ) ,2: (0 10 11 9 6 4 2 1 75 101 ) ,3: (0 13 17 18 19 15 16 14 12 101 ) ,4: (0 20 24 25 27 29 30 28 26 23 22 21 101 ) ,5: (0 32 33 31 35 37 38 39 36 34 101 ) ,6: (0 42 44 46 45 48 51 50 52 49 47 101 ) ,7: (0 43 41 40 68 69 101 ) ,8: (0 57 55 54 53 56 58 60 59 101 ) ,9: (0 67 65 63 62 74 72 61 64 66 101 ) ,10: (0 81 78 76 71 70 73 77 79 80 101 ) ,11: (0 90 87 86 83 82 84 85 88 89 101 ) ,12: (0 98 96 95 94 92 93 97 100 99 91 101 ) ,
Cdp108;1vehc1pcs60perc;true;13768.2;13768.2;13180.5;13718.9;2355.49;1.33441;169.449;3600;189;1: (0 5 3 7 8 9 6 4 2 1 75 101 ) ,2: (0 13 11 10 101 ) ,3: (0 17 18 19 15 16 14 12 101 ) ,4: (0 20 24 25 27 29 30 28 26 23 22 21 101 ) ,5: (0 32 33 31 35 37 38 39 36 34 101 ) ,6: (0 41 40 42 44 46 45 48 51 50 52 49 47 101 ) ,7: (0 43 67 101 ) ,8: (0 55 54 57 53 56 58 60 59 101 ) ,9: (0 65 63 62 74 72 61 64 68 66 69 101 ) ,10: (0 81 78 76 71 70 73 77 79 80 101 ) ,11: (0 90 87 86 83 82 84 85 88 89 91 101 ) ,12: (0 98 96 95 94 92 93 97 100 99 101 ) ,
Cdp109;1vehc1pcs60perc;true;13738.8;13738.8;13122.9;13689.7;3410.79;4.36571;212.402;3600;161;1: (0 5 3 7 8 9 6 4 2 1 75 101 ) ,2: (0 17 13 10 101 ) ,3: (0 18 19 15 16 14 12 11 101 ) ,4: (0 20 24 25 27 29 30 28 26 23 22 21 101 ) ,5: (0 32 33 31 35 37 38 39 36 34 101 ) ,6: (0 41 40 68 69 101 ) ,7: (0 43 42 44 46 45 48 51 50 52 49 47 101 ) ,8: (0 57 55 54 53 56 58 60 59 101 ) ,9: (0 67 65 63 62 74 72 61 64 66 101 ) ,10: (0 87 86 83 82 84 85 88 89 91 101 ) ,11: (0 90 81 78 76 71 70 73 77 79 80 101 ) ,12: (0 98 96 95 94 92 93 97 100 99 101 ) ,
Cdp201;1vehc1pcs60perc;true;8880.2;8880.2;8833.88;8880.2;861.404;234.585;861.404;3600;1;1: (0 20 22 24 27 30 29 6 32 33 31 35 37 38 39 36 34 28 26 23 18 19 16 14 12 15 17 13 25 9 11 10 8 21 101 ) ,2: (0 67 63 62 74 72 61 64 66 69 68 65 49 55 54 53 56 58 60 59 57 40 44 46 45 51 50 52 47 43 42 41 48 101 ) ,3: (0 91 88 84 86 83 82 85 76 71 70 73 80 79 81 78 77 96 87 90 101 ) ,4: (0 93 5 75 2 1 99 100 97 92 94 95 98 7 3 4 89 101 ) ,
Cdp202;1vehc1pcs60perc;false;1E+11;8908.57;8832.69;8908.57;3600;194.043;3175.22;3600;1;0
Cdp203;1vehc1pcs60perc;false;1E+11;8756.47;8749.75;8756.47;3600;2125.61;3548.27;3600;1;0
Cdp204;1vehc1pcs60perc;false;1E+11;-2.49999E+13;-2.49999E+13;-1000000000;3600;3600;3600;3600;1;0
Cdp205;1vehc1pcs60perc;true;8895.73;8895.73;8819.16;8895.73;2448.79;324.804;2448.79;3600;1;1: (0 20 22 24 27 30 29 6 32 33 31 35 37 38 39 36 34 28 26 23 18 19 16 14 12 15 17 13 25 9 11 10 8 21 101 ) ,2: (0 67 63 62 74 72 61 64 66 69 68 65 49 55 54 53 56 58 60 59 57 40 44 46 45 51 50 52 47 43 42 41 48 101 ) ,3: (0 86 84 83 82 85 76 71 70 73 80 79 81 78 77 87 96 101 ) ,4: (0 93 5 75 2 1 99 100 97 92 94 95 98 7 3 4 89 91 88 90 101 ) ,
Cdp206;1vehc1pcs60perc;true;8842.47;8842.47;8794.42;8842.47;1575.99;180.222;1575.99;3600;1;1: (0 20 22 24 27 30 29 6 32 33 31 35 37 38 39 36 34 28 26 23 18 19 16 14 12 15 17 13 25 9 11 10 8 21 101 ) ,2: (0 67 63 62 74 72 61 64 66 69 68 65 49 55 54 53 56 58 60 59 57 40 44 46 45 51 50 52 47 42 41 43 48 101 ) ,3: (0 86 88 84 83 82 85 76 71 70 73 80 79 81 78 77 87 96 101 ) ,4: (0 93 5 75 2 1 99 100 97 92 94 95 98 7 3 4 89 91 90 101 ) ,
Cdp207;1vehc1pcs60perc;true;8795.79;8795.79;8742.15;8795.79;1597.22;324.808;1597.22;3600;1;1: (0 20 24 29 6 32 33 31 35 37 38 39 36 34 28 26 23 25 21 101 ) ,2: (0 22 27 30 17 18 19 16 14 12 15 13 9 11 10 8 101 ) ,3: (0 67 63 62 74 72 61 64 66 69 68 65 49 55 54 53 56 58 60 59 57 40 44 46 45 51 50 52 47 42 41 43 48 101 ) ,4: (0 91 88 86 84 83 82 85 76 71 70 73 80 79 81 78 77 87 96 101 ) ,5: (0 93 5 75 2 1 99 100 97 92 94 95 98 7 3 4 89 90 101 ) ,
Cdp208;1vehc1pcs60perc;false;1E+11;8825.88;8799.13;8825.88;3600;887.532;1394.66;3600;1;0
RCdp101;1vehc1pcs60perc;true;21753.4;21753.4;21471.7;21743.8;6.99111;0.550689;5.59382;3600;5;1: (0 2 7 6 8 46 4 100 101 ) ,2: (0 11 12 73 79 55 101 ) ,3: (0 14 47 16 15 9 10 13 17 101 ) ,4: (0 42 44 43 37 35 101 ) ,5: (0 45 5 3 1 70 101 ) ,6: (0 59 75 58 77 101 ) ,7: (0 61 81 68 101 ) ,8: (0 63 33 28 30 34 50 80 101 ) ,9: (0 64 51 76 89 91 101 ) ,10: (0 65 52 57 22 49 20 24 101 ) ,11: (0 69 98 88 53 78 60 101 ) ,12: (0 71 67 94 96 101 ) ,13: (0 72 39 36 40 38 41 54 101 ) ,14: (0 82 99 86 87 97 74 101 ) ,15: (0 83 23 21 19 18 48 25 101 ) ,16: (0 90 101 ) ,17: (0 92 31 29 27 26 32 93 101 ) ,18: (0 95 62 85 84 56 66 101 ) ,
RCdp102;1vehc1pcs60perc;true;20201.8;20201.8;19690.6;20184;118.315;2.13255;60.6299;3600;17;1: (0 2 45 1 3 5 8 46 4 100 70 101 ) ,2: (0 11 15 16 9 10 13 17 12 101 ) ,3: (0 14 47 73 79 6 7 55 101 ) ,4: (0 39 36 40 38 41 54 101 ) ,5: (0 42 44 43 35 37 72 101 ) ,6: (0 50 33 28 30 32 34 80 101 ) ,7: (0 61 81 68 101 ) ,8: (0 64 22 49 20 24 101 ) ,9: (0 65 57 86 74 52 82 101 ) ,10: (0 69 88 53 78 60 98 101 ) ,11: (0 83 19 23 18 48 21 25 77 101 ) ,12: (0 90 101 ) ,13: (0 92 62 67 71 93 96 101 ) ,14: (0 94 31 29 27 26 89 91 101 ) ,15: (0 95 85 63 76 51 84 56 66 101 ) ,16: (0 99 87 59 97 75 58 101 ) ,
RCdp103;1vehc1pcs60perc;true;18546.5;18546.5;18133.4;18509.3;2269.42;15.13;417.31;3600;81;1: (0 2 45 1 3 5 8 6 46 4 100 70 101 ) ,2: (0 12 14 15 11 9 87 59 74 86 52 90 101 ) ,3: (0 33 27 30 26 28 32 31 29 34 101 ) ,4: (0 39 36 35 37 72 54 81 101 ) ,5: (0 42 43 44 40 38 41 61 68 101 ) ,6: (0 64 51 84 56 91 80 101 ) ,7: (0 65 57 23 19 49 22 20 66 101 ) ,8: (0 69 88 53 10 13 16 17 47 101 ) ,9: (0 82 99 97 75 58 77 101 ) ,10: (0 85 63 89 76 18 48 21 25 24 83 101 ) ,11: (0 92 95 62 50 67 94 93 71 96 101 ) ,12: (0 98 60 73 78 79 7 55 101 ) ,
RCdp104;1vehc1pcs60perc;true;16840.8;16840.8;16604.2;16819.2;2122.71;68.5394;1633.05;3600;7;1: (0 10 11 15 16 17 47 14 12 101 ) ,2: (0 22 20 49 19 23 21 18 48 25 24 101 ) ,3: (0 59 87 97 75 58 77 101 ) ,4: (0 61 42 44 43 40 36 35 37 101 ) ,5: (0 64 51 76 89 63 85 95 91 101 ) ,6: (0 65 99 52 86 74 57 83 66 101 ) ,7: (0 69 98 53 9 13 82 90 101 ) ,8: (0 70 1 3 5 45 8 46 4 2 100 68 101 ) ,9: (0 80 94 62 67 84 56 101 ) ,10: (0 88 60 78 73 79 7 6 55 101 ) ,11: (0 92 50 34 31 29 27 26 28 30 32 33 101 ) ,12: (0 96 93 71 72 38 39 41 54 81 101 ) ,
RCdp105;1vehc1pcs60perc;true;20692;20692;20317.9;20654.8;58.1218;2.11347;20.7163;3600;23;1: (0 2 45 5 3 1 8 6 55 101 ) ,2: (0 12 14 15 16 47 78 60 101 ) ,3: (0 31 29 27 30 28 26 32 34 50 101 ) ,4: (0 33 63 85 84 56 91 80 101 ) ,5: (0 39 36 37 38 41 72 54 101 ) ,6: (0 42 44 40 35 43 101 ) ,7: (0 51 76 89 66 101 ) ,8: (0 52 86 87 59 97 75 58 101 ) ,9: (0 64 22 20 49 77 101 ) ,10: (0 65 99 57 74 101 ) ,11: (0 69 88 53 98 101 ) ,12: (0 73 79 7 46 4 70 100 101 ) ,13: (0 81 61 68 101 ) ,14: (0 82 11 9 10 13 17 101 ) ,15: (0 83 19 23 18 48 21 25 24 101 ) ,16: (0 90 101 ) ,17: (0 92 95 62 67 71 94 93 96 101 ) ,
RCdp106;1vehc1pcs60perc;false;1E+11;19303.3;18653.8;19210.6;3600;2.30073;68.5465;3600;956;0
RCdp107;1vehc1pcs60perc;true;17882.3;17882.3;17405;17867.3;701.468;12.8827;471.539;3600;11;1: (0 2 4 45 5 3 1 100 70 68 101 ) ,2: (0 11 12 14 47 17 16 15 13 9 10 101 ) ,3: (0 31 29 27 28 26 34 30 32 33 101 ) ,4: (0 39 38 40 36 35 37 43 44 42 101 ) ,5: (0 64 22 19 23 21 18 48 49 20 24 101 ) ,6: (0 65 83 25 77 75 97 58 74 101 ) ,7: (0 69 98 78 73 79 7 8 46 6 60 101 ) ,8: (0 72 71 93 94 67 50 62 91 80 101 ) ,9: (0 81 61 41 54 96 101 ) ,10: (0 82 99 52 87 59 86 57 66 101 ) ,11: (0 90 53 88 55 101 ) ,12: (0 92 95 84 85 63 51 76 89 56 101 ) ,
RCdp108;1vehc1pcs60perc;false;16644.6;16631.3;16134;16599.2;3600;64.1473;1491.96;3600;33;1: (0 12 14 47 17 16 15 10 53 101 ) ,2: (0 25 23 21 48 18 19 49 20 22 24 101 ) ,3: (0 33 32 30 28 26 27 29 31 34 101 ) ,4: (0 61 42 44 43 40 36 35 37 54 101 ) ,5: (0 64 51 76 89 63 85 84 56 91 101 ) ,6: (0 65 99 52 86 59 97 75 58 77 101 ) ,7: (0 69 98 88 60 78 73 79 6 2 55 101 ) ,8: (0 70 7 8 46 4 45 5 3 1 100 68 101 ) ,9: (0 71 93 94 67 50 62 95 92 80 101 ) ,10: (0 81 41 39 38 72 96 101 ) ,11: (0 82 11 13 9 87 74 57 83 66 101 ) ,12: (0 90 101 ) ,
RCdp201;1vehc1pcs60perc;true;14271.2;14271.2;14218.6;14271.2;10.2915;4.70445;10.2913;3600;1;1: (0 5 45 2 6 7 8 46 3 1 4 100 70 101 ) ,2: (0 14 47 16 15 11 12 78 73 79 60 55 101 ) ,3: (0 61 81 94 96 54 93 80 101 ) ,4: (0 65 59 75 97 74 58 77 25 48 101 ) ,5: (0 69 98 88 53 99 57 86 87 9 10 13 17 101 ) ,6: (0 71 67 62 85 76 51 84 56 66 101 ) ,7: (0 72 36 39 42 44 41 38 40 35 37 43 68 101 ) ,8: (0 82 52 83 64 23 21 18 19 49 22 20 24 101 ) ,9: (0 90 101 ) ,10: (0 92 95 63 33 31 29 27 30 28 26 34 50 32 89 91 101 ) ,
RCdp202;1vehc1pcs60perc;true;12576.1;12576.1;12476.2;12576.1;83.9693;25.0634;83.9691;3600;1;1: (0 1 3 5 45 6 7 8 46 4 2 55 101 ) ,2: (0 42 39 36 44 41 38 40 43 35 37 72 54 101 ) ,3: (0 64 23 21 48 18 19 49 22 20 24 89 91 101 ) ,4: (0 65 99 52 57 86 87 59 97 75 74 58 77 25 83 101 ) ,5: (0 69 88 79 73 78 53 98 90 101 ) ,6: (0 81 61 68 101 ) ,7: (0 82 12 14 47 16 15 11 9 10 13 17 60 100 70 101 ) ,8: (0 92 95 63 33 28 26 27 29 31 30 32 34 50 93 94 80 101 ) ,9: (0 96 71 67 62 85 76 51 84 56 66 101 ) ,
RCdp203;1vehc1pcs60perc;true;10924;10924;10881.2;10924;946.998;362.399;946.998;3600;1;1: (0 1 3 5 45 46 8 7 6 4 2 100 70 101 ) ,2: (0 61 42 39 36 43 44 41 38 40 35 37 72 71 93 96 54 81 101 ) ,3: (0 64 85 63 89 76 23 21 48 18 19 49 22 20 51 84 56 66 101 ) ,4: (0 65 99 52 86 87 74 59 97 75 58 77 25 24 57 83 101 ) ,5: (0 69 88 60 79 73 78 53 98 55 68 101 ) ,6: (0 90 82 11 15 9 10 13 16 17 47 14 12 101 ) ,7: (0 91 92 95 62 33 32 30 27 26 28 29 31 34 50 67 94 80 101 ) ,
RCdp204;1vehc1pcs60perc;false;1E+11;-2.49999E+13;-2.49999E+13;-1000000000;3600;3600;3600;3600;1;0
RCdp205;1vehc1pcs60perc;true;13129.3;13129.3;13002.6;13125.3;291.836;15.3888;214.415;3600;5;1: (0 2 45 5 46 8 7 6 4 3 1 70 100 101 ) ,2: (0 65 83 64 19 23 21 48 18 49 22 24 20 66 101 ) ,3: (0 69 88 79 73 78 53 98 55 101 ) ,4: (0 72 36 39 42 44 40 38 41 43 35 37 54 101 ) ,5: (0 82 12 14 47 16 15 11 9 10 13 17 60 101 ) ,6: (0 90 99 52 57 86 87 59 75 97 74 25 77 58 101 ) ,7: (0 92 62 85 63 76 51 84 56 91 80 101 ) ,8: (0 94 67 71 96 81 61 68 101 ) ,9: (0 95 33 30 27 28 26 29 31 34 32 89 50 93 101 ) ,
RCdp206;1vehc1pcs60perc;true;12157.5;12157.5;11975.8;12157.5;146.41;59.2473;146.41;3600;1;1: (0 61 81 94 67 84 85 51 76 89 48 25 77 58 74 101 ) ,2: (0 65 64 83 99 52 86 57 23 21 18 19 49 20 22 24 66 101 ) ,3: (0 71 72 42 39 38 36 40 41 44 43 35 37 54 93 96 101 ) ,4: (0 82 12 14 47 16 15 11 59 75 97 87 9 13 17 10 101 ) ,5: (0 88 2 45 5 46 8 7 6 4 3 1 100 70 68 101 ) ,6: (0 90 69 98 53 78 73 79 60 55 101 ) ,7: (0 92 95 62 63 33 30 31 29 27 28 26 32 34 50 56 91 80 101 ) ,
RCdp207;1vehc1pcs60perc;true;11205;11205;11098.4;11205;1202.03;192.223;1202.03;3600;1;1: (0 65 83 57 23 21 18 19 49 22 64 66 90 101 ) ,2: (0 69 98 53 12 14 47 17 16 15 13 9 11 10 60 55 101 ) ,3: (0 72 71 93 94 67 62 85 51 76 89 84 56 91 101 ) ,4: (0 81 61 42 44 40 36 35 37 38 39 43 41 54 96 101 ) ,5: (0 82 99 52 86 59 87 75 97 74 58 77 25 48 20 24 101 ) ,6: (0 88 78 73 79 7 6 2 8 5 3 1 45 46 4 100 70 68 101 ) ,7: (0 95 63 33 30 31 29 27 28 26 32 34 50 92 80 101 ) ,
RCdp208;1vehc1pcs60perc;false;1E+11;-2.49999E+13;-2.49999E+13;-1000000000;3600;3600;3600;3600;1;0
Rdp101;1vehc1pcs60perc;true;19716.3;19716.3;19670.3;19716.3;0.618111;0.343929;0.617903;3600;1;1: (0 2 21 73 41 74 58 101 ) ,2: (0 12 76 79 3 54 24 80 101 ) ,3: (0 14 44 38 43 101 ) ,4: (0 27 31 88 7 101 ) ,5: (0 28 29 78 34 35 101 ) ,6: (0 33 81 50 68 77 101 ) ,7: (0 36 47 19 8 46 17 101 ) ,8: (0 39 23 67 55 25 101 ) ,9: (0 40 26 101 ) ,10: (0 45 83 84 60 89 101 ) ,11: (0 52 99 94 96 101 ) ,12: (0 53 101 ) ,13: (0 59 5 61 85 37 93 101 ) ,14: (0 62 11 90 10 101 ) ,15: (0 63 64 49 48 101 ) ,16: (0 65 71 9 66 1 101 ) ,17: (0 69 30 51 20 32 70 101 ) ,18: (0 72 75 22 56 4 101 ) ,19: (0 82 18 6 101 ) ,20: (0 92 42 15 87 57 97 13 101 ) ,21: (0 95 98 16 86 91 100 101 ) ,
Rdp102;1vehc1pcs60perc;true;18287.3;18287.3;18287.3;18287.3;1.09364;1.09329;1.09329;3600;1;1: (0 12 29 78 34 35 101 ) ,2: (0 18 6 101 ) ,3: (0 27 30 51 9 20 32 70 101 ) ,4: (0 28 76 79 54 24 80 101 ) ,5: (0 36 47 19 8 46 82 101 ) ,6: (0 40 53 101 ) ,7: (0 42 15 41 74 21 101 ) ,8: (0 50 33 81 3 68 77 101 ) ,9: (0 52 62 11 90 10 101 ) ,10: (0 63 64 49 48 7 101 ) ,11: (0 65 71 66 1 101 ) ,12: (0 69 31 88 101 ) ,13: (0 72 39 23 67 55 25 101 ) ,14: (0 73 22 75 56 4 26 101 ) ,15: (0 83 45 61 84 5 60 89 101 ) ,16: (0 87 57 2 58 101 ) ,17: (0 92 98 85 91 16 86 17 93 101 ) ,18: (0 94 96 99 59 97 13 101 ) ,19: (0 95 14 44 38 43 100 37 101 ) ,
Rdp103;1vehc1pcs60perc;true;15808.5;15808.5;15767.5;15805.5;58.5651;5.72345;38.3772;3600;5;1: (0 21 72 22 75 56 4 26 101 ) ,2: (0 27 69 30 20 66 32 70 1 101 ) ,3: (0 28 76 79 29 24 68 80 12 101 ) ,4: (0 31 62 11 63 90 10 101 ) ,5: (0 36 64 49 19 7 52 101 ) ,6: (0 39 23 67 55 25 54 101 ) ,7: (0 40 53 101 ) ,8: (0 42 43 15 41 74 73 58 101 ) ,9: (0 50 33 81 78 3 77 101 ) ,10: (0 51 65 71 9 35 34 101 ) ,11: (0 83 45 60 5 84 17 61 93 101 ) ,12: (0 88 8 46 47 48 82 18 89 101 ) ,13: (0 92 14 44 38 86 16 91 100 37 101 ) ,14: (0 94 95 97 87 57 2 13 101 ) ,15: (0 96 59 98 85 99 6 101 ) ,
Rdp104;1vehc1pcs60perc;true;13791.8;13791.8;13638.8;13791.8;1124.93;36.9412;1124.92;3600;1;1: (0 2 57 15 41 22 74 73 21 40 58 101 ) ,2: (0 6 96 99 84 17 86 16 61 5 101 ) ,3: (0 12 80 68 29 24 55 25 54 101 ) ,4: (0 27 69 76 79 3 77 28 101 ) ,5: (0 31 10 90 32 66 65 71 35 34 78 101 ) ,6: (0 50 33 81 9 51 20 30 70 1 101 ) ,7: (0 53 101 ) ,8: (0 72 75 56 23 67 39 4 26 101 ) ,9: (0 88 62 11 63 64 49 19 7 52 101 ) ,10: (0 89 60 83 45 8 46 36 47 48 82 18 101 ) ,11: (0 92 85 91 44 38 14 43 42 100 37 101 ) ,12: (0 94 95 59 93 98 97 87 13 101 ) ,
Rdp105;1vehc1pcs60perc;true;17239.9;17239.9;17134.9;17239.9;4.14528;0.936197;4.14507;3600;1;1: (0 2 15 57 87 97 13 58 101 ) ,2: (0 5 61 16 86 91 100 93 101 ) ,3: (0 12 29 79 78 34 35 77 101 ) ,4: (0 21 73 75 22 41 74 4 101 ) ,5: (0 27 52 18 6 94 101 ) ,6: (0 28 76 3 68 54 24 80 101 ) ,7: (0 31 62 88 7 101 ) ,8: (0 33 65 71 66 20 32 70 101 ) ,9: (0 47 36 19 49 46 48 101 ) ,10: (0 53 40 26 101 ) ,11: (0 63 64 11 90 10 101 ) ,12: (0 69 30 51 81 9 50 1 101 ) ,13: (0 72 39 23 67 56 55 25 101 ) ,14: (0 83 45 82 8 84 17 60 89 101 ) ,15: (0 92 42 14 44 38 43 37 101 ) ,16: (0 95 59 98 85 99 96 101 ) ,
Rdp106;1vehc1pcs60perc;true;16348;16348;16254.1;16347.8;66.3027;4.11632;54.7547;3600;3;1: (0 2 15 57 87 13 101 ) ,2: (0 12 29 79 78 81 1 101 ) ,3: (0 26 39 23 67 55 4 25 101 ) ,4: (0 27 69 30 51 9 35 34 3 77 101 ) ,5: (0 28 76 68 54 24 80 101 ) ,6: (0 31 63 11 64 90 10 101 ) ,7: (0 42 14 44 38 43 97 101 ) ,8: (0 48 47 36 19 49 46 82 101 ) ,9: (0 50 33 65 71 66 20 32 70 101 ) ,10: (0 52 62 88 7 18 89 101 ) ,11: (0 53 40 58 101 ) ,12: (0 73 41 22 75 56 74 72 21 101 ) ,13: (0 83 45 8 84 17 5 60 101 ) ,14: (0 94 92 59 99 96 6 101 ) ,15: (0 95 37 98 85 61 16 86 91 100 93 101 ) ,
Rdp107;1vehc1pcs60perc;true;14910.7;14910.7;14804.3;14901.2;381.156;15.9605;254.429;3600;7;1: (0 2 57 15 41 22 75 56 4 74 73 101 ) ,2: (0 21 72 39 23 67 55 25 54 26 101 ) ,3: (0 27 69 30 88 10 63 90 32 70 101 ) ,4: (0 28 76 79 78 29 24 68 80 12 101 ) ,5: (0 31 62 11 64 49 19 7 52 101 ) ,6: (0 42 43 14 44 38 86 16 91 100 93 101 ) ,7: (0 48 47 36 46 8 82 18 101 ) ,8: (0 50 33 81 9 35 34 3 77 101 ) ,9: (0 51 71 65 66 20 1 101 ) ,10: (0 53 40 58 101 ) ,11: (0 59 92 37 98 85 99 96 6 101 ) ,12: (0 89 83 45 84 17 61 5 60 101 ) ,13: (0 94 95 97 87 13 101 ) ,
Rdp108;1vehc1pcs60perc;true;13343.5;13343.5;13187.5;13343.5;1286.15;60.3649;1286.15;3600;1;1: (0 2 57 15 43 42 87 13 58 101 ) ,2: (0 18 82 48 46 8 45 83 60 89 101 ) ,3: (0 26 12 80 68 29 24 55 4 25 54 101 ) ,4: (0 27 69 31 10 63 90 32 70 1 101 ) ,5: (0 28 76 79 81 9 51 33 50 101 ) ,6: (0 30 20 66 65 71 35 34 78 3 77 101 ) ,7: (0 53 101 ) ,8: (0 73 22 41 23 67 39 56 75 74 72 21 40 101 ) ,9: (0 88 62 11 64 49 36 47 19 7 52 101 ) ,10: (0 94 59 99 5 84 17 61 85 93 96 6 101 ) ,11: (0 95 92 98 44 14 38 86 16 91 100 37 97 101 ) ,
Rdp109;1vehc1pcs60perc;true;15590;15590;15401.8;15533.8;401.054;2.24192;41.734;3600;185;1: (0 2 57 15 43 100 37 101 ) ,2: (0 5 83 8 45 84 17 60 89 101 ) ,3: (0 21 73 72 41 22 74 56 4 101 ) ,4: (0 27 52 88 7 82 18 101 ) ,5: (0 28 12 29 78 79 3 77 50 101 ) ,6: (0 31 19 47 49 36 46 48 101 ) ,7: (0 42 14 38 44 16 86 91 93 101 ) ,8: (0 53 40 26 101 ) ,9: (0 62 11 64 63 90 32 10 70 101 ) ,10: (0 69 30 51 71 65 66 20 1 101 ) ,11: (0 75 23 67 39 25 55 54 24 80 101 ) ,12: (0 76 33 81 9 35 34 68 101 ) ,13: (0 94 87 97 13 58 101 ) ,14: (0 95 59 92 98 85 61 99 96 6 101 ) ,
Rdp110;1vehc1pcs60perc;true;14749.6;14749.6;14538.4;14713.3;1068.95;7.89485;261.362;3600;77;1: (0 2 57 87 94 96 6 101 ) ,2: (0 5 61 16 86 44 14 38 91 100 101 ) ,3: (0 21 72 75 56 23 67 39 25 55 4 101 ) ,4: (0 27 31 88 62 11 63 90 32 10 101 ) ,5: (0 28 12 26 53 101 ) ,6: (0 33 9 35 71 65 66 20 1 101 ) ,7: (0 40 73 74 22 41 15 43 42 58 101 ) ,8: (0 47 19 64 49 36 46 48 101 ) ,9: (0 52 7 82 18 101 ) ,10: (0 69 70 30 51 81 34 3 50 101 ) ,11: (0 76 79 78 29 24 54 80 68 77 101 ) ,12: (0 83 8 45 17 84 60 89 101 ) ,13: (0 95 59 99 93 85 98 37 92 97 13 101 ) ,
Rdp111;1vehc1pcs60perc;true;14701.6;14701.6;14551.7;14686.9;323.28;12.3583;143.414;3600;17;1: (0 2 57 15 43 41 22 74 58 101 ) ,2: (0 6 99 84 61 85 93 59 96 101 ) ,3: (0 7 19 64 49 36 47 48 82 52 101 ) ,4: (0 18 83 45 8 46 17 5 60 89 101 ) ,5: (0 21 72 75 23 67 39 55 25 54 101 ) ,6: (0 27 31 88 62 11 63 90 10 101 ) ,7: (0 28 76 79 78 29 24 68 80 12 101 ) ,8: (0 50 33 81 51 9 71 35 34 3 77 101 ) ,9: (0 53 40 73 56 4 26 101 ) ,10: (0 69 30 20 65 66 32 70 1 101 ) ,11: (0 92 42 14 44 38 86 16 91 100 37 98 101 ) ,12: (0 94 95 97 87 13 101 ) ,
Rdp112;1vehc1pcs60perc;true;13564.3;13564.3;13401.1;13564.3;1669.72;59.878;1669.72;3600;1;1: (0 2 57 15 43 42 87 13 101 ) ,2: (0 5 61 16 86 38 14 44 91 100 37 96 101 ) ,3: (0 27 69 70 30 51 9 81 33 3 77 50 101 ) ,4: (0 28 12 80 68 29 24 54 26 101 ) ,5: (0 31 88 62 11 19 48 82 18 101 ) ,6: (0 47 36 49 64 63 90 32 10 101 ) ,7: (0 52 7 8 46 45 17 84 83 60 89 101 ) ,8: (0 53 40 21 72 74 22 41 58 101 ) ,9: (0 73 75 56 23 67 39 25 55 4 101 ) ,10: (0 76 79 78 34 35 71 65 66 20 1 101 ) ,11: (0 99 59 93 85 98 92 97 95 94 6 101 ) ,
Rdp201;1vehc1pcs60perc;true;12658.2;12658.2;12629.1;12656.2;14.9128;3.94387;11.8607;3600;3;1: (0 2 42 15 43 37 100 91 93 101 ) ,2: (0 5 83 45 82 47 36 49 46 48 101 ) ,3: (0 21 73 40 87 57 41 22 74 58 101 ) ,4: (0 27 31 63 64 11 19 62 88 7 18 8 84 17 60 89 101 ) ,5: (0 28 12 29 76 50 3 68 26 101 ) ,6: (0 33 65 71 9 51 81 79 78 34 35 77 101 ) ,7: (0 52 69 30 90 10 20 66 32 70 1 101 ) ,8: (0 53 101 ) ,9: (0 72 39 67 23 75 56 4 54 55 25 24 80 101 ) ,10: (0 95 59 92 98 14 38 44 16 61 86 85 99 94 6 96 97 13 101 ) ,
Rdp202;1vehc1pcs60perc;true;11596.5;11596.5;11516.9;11596.5;266.083;26.7623;266.083;3600;1;1: (0 26 39 67 23 41 22 75 56 74 72 21 58 101 ) ,2: (0 27 69 30 31 88 7 18 8 84 86 91 100 37 98 93 59 101 ) ,3: (0 28 76 3 79 78 81 9 51 20 66 35 34 77 101 ) ,4: (0 40 73 2 87 57 43 97 13 101 ) ,5: (0 50 33 65 71 29 68 54 4 55 25 24 80 12 101 ) ,6: (0 52 62 63 90 10 32 70 1 101 ) ,7: (0 83 45 82 48 47 36 19 11 64 49 46 17 5 60 89 101 ) ,8: (0 94 95 92 42 15 14 38 44 16 61 85 99 96 6 53 101 ) ,
Rdp203;1vehc1pcs60perc;false;1E+11;10123;10014;10123;3600;181.296;3563.13;3600;1;0
Rdp204;1vehc1pcs60perc;false;1E+11;8676.3;8625.65;8676.3;3600;1349.45;3257.68;3600;1;0
Rdp205;1vehc1pcs60perc;true;10817.8;10817.8;10740.1;10817.8;131.581;25.1134;131.581;3600;1;1: (0 5 83 45 82 47 36 46 8 18 84 17 60 89 101 ) ,2: (0 21 73 72 39 67 23 75 41 22 74 56 4 25 55 54 24 80 68 77 101 ) ,3: (0 27 69 30 71 65 35 66 20 32 10 70 1 101 ) ,4: (0 28 12 76 29 33 81 51 9 34 78 79 3 50 26 53 101 ) ,5: (0 40 2 87 15 43 57 97 37 100 91 93 13 58 101 ) ,6: (0 52 31 88 62 11 63 90 64 49 19 7 48 101 ) ,7: (0 95 59 92 98 42 14 44 38 86 16 61 85 99 96 94 6 101 ) ,
Rdp206;1vehc1pcs60perc;false;1E+11;10186;10077.5;10186;3600;176.835;3361.45;3600;1;0
Rdp207;1vehc1pcs60perc;false;1E+11;9362.38;9284.97;9362.38;3600;409.538;3009.56;3600;1;0
Rdp208;1vehc1pcs60perc;false;1E+11;8548.01;8548.01;8548.01;3600;3560.86;3560.86;3600;1;0
Rdp209;1vehc1pcs60perc;false;10012.5;10008.8;9899.24;10008.8;3600;105.664;3223.99;3600;2;1: (0 2 87 57 15 43 42 97 13 58 101 ) ,2: (0 6 5 83 18 8 45 17 84 99 94 101 ) ,3: (0 27 69 31 88 62 63 90 30 51 71 9 81 33 50 101 ) ,4: (0 28 12 76 29 80 68 77 3 79 78 34 35 65 66 20 32 10 70 1 101 ) ,5: (0 52 7 82 47 19 11 64 49 36 46 48 60 89 101 ) ,6: (0 53 40 21 73 72 75 41 22 74 23 67 39 56 4 25 55 24 54 26 101 ) ,7: (0 95 59 92 98 85 61 16 86 38 14 44 91 100 37 93 96 101 ) ,
Rdp210;1vehc1pcs60perc;true;10344.8;10344.8;10263.6;10344.8;1164.03;88.6864;1164.03;3600;1;1: (0 2 57 42 15 43 14 100 37 93 59 101 ) ,2: (0 18 45 82 48 47 36 46 8 83 84 17 5 60 89 101 ) ,3: (0 21 73 72 39 67 23 56 75 22 41 74 4 55 25 54 26 101 ) ,4: (0 27 69 30 51 33 71 65 35 66 20 70 1 101 ) ,5: (0 28 12 76 3 79 81 9 34 78 29 24 80 68 77 50 101 ) ,6: (0 52 7 88 62 11 64 49 19 63 90 32 10 31 101 ) ,7: (0 53 40 58 101 ) ,8: (0 95 92 98 85 91 44 38 86 16 61 99 96 6 94 87 97 13 101 ) ,
Rdp211;1vehc1pcs60perc;false;1E+11;8838.34;8804.71;8838.34;3600;1082.76;3530;3600;1;0
